start_time,execution_time,part_numbers,n_suppliers,LTL_zones,horizon,obj_value,obj_bound,obj_gap,trans_costs,order_cost,load_car_rent,load_car_invest,share_suppl_FTL,share_suppl_CES,share_suppl_LTL
2023-07-26_16:06:09.314563,0.5087502002716064,3927,25,10,10,6055.480651501374,6055.480651501374,0.0,3750.1903201638015,1900.0,57.192516668545245,348.09781466902655,0.0,52.0,68.0
2023-07-26_16:06:11.576679,0.3040354251861572,3927,25,10,10,5233.9531331770395,5233.9531331770395,0.0,3254.679939595007,1450.0,19.491404270575224,669.7570955499474,0.0,28.000000000000004,72.0
2023-07-26_16:06:13.967829,0.4696505069732666,3927,25,10,10,4944.0821997720495,4944.082199771947,2.078705352129447e-14,2882.481993512145,1350.0,26.480094706502683,749.4353926318954,0.0,48.0,52.0
2023-07-26_16:06:16.210948,0.2989218235015869,3927,25,10,10,5313.350283033109,5313.350283033088,0.0,3129.0469452344155,1600.0,38.171989132947324,265.1621700105115,0.0,32.0,68.0
2023-07-26_16:06:18.677222,0.5178604125976562,3927,25,10,10,4579.868450404098,4579.4830850601875,8.414332160063678e-05,2836.9815711243155,1450.0,39.833507694070526,1065.71021094918,0.0,60.0,40.0
2023-07-26_16:06:21.122101,0.4902071952819824,3927,25,10,15,4689.025860853629,4689.02586085361,0.0,2811.5357056615435,1400.0,28.369821744902836,806.0740558641545,0.0,52.0,48.0
2023-07-26_16:06:24.307276,0.7485744953155518,3927,25,10,15,5821.784193380471,5821.784193380387,0.0,3938.9648411468215,1450.0,66.33383760978826,866.9233107330202,0.0,68.0,32.0
2023-07-26_16:06:27.785239,0.9916770458221436,3927,25,10,15,6243.89504308681,6243.89504308681,0.0,4169.180827124302,1500.0,68.05227917311517,988.8770766332088,0.0,44.0,56.00000000000001
2023-07-26_16:06:31.329977,1.042921781539917,3927,25,10,15,5777.276926015027,5777.276926015027,0.0,3918.977002496664,1400.0,73.77871871244788,1976.8737006113217,0.0,64.0,36.0
2023-07-26_16:06:34.257458,0.46217775344848633,3927,25,10,15,7473.098312968354,7473.098312968354,0.0,4547.225348189377,1850.0,79.77524968106074,4638.795765961035,0.0,4.0,96.0
2023-07-26_16:06:37.173569,0.41407132148742676,3927,25,10,20,6895.407933713441,6895.407933713441,0.0,4501.116701328977,1550.0,43.40906250996102,485.122603832414,0.0,12.0,88.0
2023-07-26_16:06:42.520832,2.246802568435669,3927,25,10,20,7811.939852575426,7811.609528940608,4.2284457004548154e-05,5096.105497153777,1900.0,103.38453355925881,5947.9550491304635,0.0,64.0,36.0
2023-07-26_16:06:47.408984,1.8431141376495361,3927,25,10,20,7392.120096968607,7392.120096968607,0.0,5276.462584322035,1550.0,97.12614693872894,5556.127476735363,0.0,52.0,48.0
2023-07-26_16:06:52.339835,1.8569691181182861,3927,25,10,20,7953.565185969896,7953.565185969896,0.0,5406.570307016357,1699.9999999781082,29.184371275660684,4878.932144833629,0.0,44.0,56.00000000000001
2023-07-26_16:06:57.571090,1.9284799098968506,3927,25,10,20,7853.2599954204925,7853.2599954203,2.4551953824054807e-14,5348.577529989638,1750.0,38.64490169238008,1478.7700077062236,0.0,36.0,64.0
2023-07-26_16:07:01.930141,0.840090274810791,3927,25,20,10,8201.243630524532,8201.243630524532,0.0,5703.995994983165,1600.0,64.16304941692825,3956.1706351331923,0.0,16.0,84.0
2023-07-26_16:07:04.581783,0.35337233543395996,3927,25,20,10,5166.6772835605,5166.370642086726,5.934984070899662e-05,3157.412058635508,1550.0,34.73538078007972,1493.213306672328,0.0,28.000000000000004,72.0
2023-07-26_16:07:07.485033,0.3909132480621338,3927,25,20,10,4659.552209573722,4659.552209573711,0.0,3166.9963509998097,1350.0,38.82990931336061,615.4994738363871,0.0,36.0,64.0
2023-07-26_16:07:10.279622,0.5677719116210938,3927,25,20,10,4911.752029619362,4911.752029619362,0.0,2965.5668824163076,1250.0,66.5202747944815,825.0542257922996,0.0,44.0,56.00000000000001
2023-07-26_16:07:12.837754,0.34284377098083496,3927,25,20,10,4959.855928564616,4959.855928564546,0.0,3274.7115496792394,1250.0,27.311548920611656,616.6407184343149,0.0,24.0,76.0
2023-07-26_16:07:15.303693,0.34066271781921387,3927,25,20,15,4598.577210649458,4598.577210649458,0.0,3025.6537485989556,1250.0,63.7187046338796,565.0122987421905,0.0,48.0,52.0
2023-07-26_16:07:18.713171,0.706397294998169,3927,25,20,15,6115.266157195398,6115.266157195398,0.0,4105.2584411607695,1350.0,97.49626624809744,2449.687688747729,0.0,52.0,48.0
2023-07-26_16:07:21.995056,0.5470938682556152,3927,25,20,15,6444.434696453514,6444.434696453514,0.0,4261.436521547797,1450.0,70.01191008250119,690.953766135689,0.0,32.0,68.0
2023-07-26_16:07:25.677761,0.5676743984222412,3927,25,20,15,6501.721262179426,6501.721262179413,0.0,4314.644782727991,1700.0,54.29425148847562,358.45475408912733,0.0,32.0,68.0
2023-07-26_16:07:29.233663,0.7275450229644775,3927,25,20,15,6244.378810688075,6244.37881068791,2.636267689896291e-14,3963.913144118785,1450.0,57.597016167529176,541.948755996732,0.0,60.0,40.0
2023-07-26_16:07:32.594819,0.5855848789215088,3927,25,20,20,6501.06127494452,6501.06127494452,0.0,4525.625548518355,1300.0,66.09865851236442,3418.817825631936,0.0,24.0,76.0
2023-07-26_16:07:36.865817,0.9704422950744629,3927,25,20,20,7681.379114698824,7681.379114698824,0.0,5737.8213686337,1600.0,136.0071399419346,3901.9081951243134,0.0,16.0,84.0
2023-07-26_16:07:41.401204,1.0978217124938965,3927,25,20,20,8306.73306661065,8306.733066610515,1.6204350709600398e-14,5498.8129687475175,1900.0,79.98545232060174,1377.1990960004405,0.0,28.000000000000004,72.0
2023-07-26_16:07:46.978595,1.172292947769165,3927,25,20,20,7535.9234378038,7535.923437803739,0.0,5281.451620925892,1400.0,144.4713138436848,1625.2109113612591,0.0,48.0,52.0
2023-07-26_16:07:51.624499,1.030851125717163,3927,25,20,20,7732.912605618309,7732.458108538308,5.8774371725147866e-05,5410.623757374064,1350.0,105.29792520445555,689.9753514802677,0.0,40.0,56.00000000000001
2023-07-26_16:07:56.138770,1.0837957859039307,3927,25,34,10,8368.253972487308,8368.253972487213,0.0,5716.065261061,1700.0,66.66586690290877,1149.8324192460937,0.0,24.0,76.0
2023-07-26_16:07:59.041357,0.42938899993896484,3927,25,34,10,5060.80224471688,5060.80224471688,0.0,3295.260983959218,1400.0,45.765226777869884,981.7824044082494,0.0,20.0,80.0
2023-07-26_16:08:01.716636,0.3485114574432373,3927,25,34,10,5235.327388504683,5235.327388504666,0.0,3221.8858388833496,1550.0,29.614793922233407,380.49836299810806,0.0,24.0,76.0
2023-07-26_16:08:04.552617,0.533961296081543,3927,25,34,10,5095.214062190591,5095.214062190591,0.0,2980.2239089521536,1600.0,67.79605665954539,1595.1996983275149,0.0,44.0,56.00000000000001
2023-07-26_16:08:07.292744,0.4365270137786865,3927,25,34,10,4505.689605491016,4505.689605490951,0.0,2913.401532159427,1400.0,43.50947216445125,4486.391871558309,0.0,56.00000000000001,44.0
2023-07-26_16:08:10.239343,0.6393516063690186,3927,25,34,15,4924.974658300485,4924.974658300485,0.0,2877.2560201987358,1450.0,66.06207674173996,853.3686953064467,0.0,56.00000000000001,44.0
2023-07-26_16:08:14.258836,1.0508322715759277,3927,25,34,15,6033.505820729126,6033.505820729126,0.0,3976.4890987393665,1550.0,59.7200386218794,2170.3975139759864,0.0,56.00000000000001,44.0
2023-07-26_16:08:18.056062,0.777620792388916,3927,25,34,15,5934.922218582142,5934.922218582069,0.0,4178.0784560280645,1300.0,66.37199515013077,319.09339008472045,0.0,48.0,52.0
2023-07-26_16:08:21.851742,0.5658862590789795,3927,25,34,15,6534.767791844999,6534.7677918448135,2.8392274227894737e-14,4496.480357938112,1650.0,47.47233118925483,1933.4124971103986,0.0,20.0,76.0
2023-07-26_16:08:25.382380,0.5567641258239746,3927,25,34,15,6376.15870235163,6376.158702351623,0.0,4317.310009357651,1450.0,60.255981715600655,2414.6554948692046,0.0,24.0,76.0
2023-07-26_16:08:29.378037,0.9828894138336182,3927,25,34,20,6777.508032554848,6777.508032554848,0.0,4195.704173188348,1950.0,70.28512111422592,1224.7421755784117,0.0,44.0,56.00000000000001
2023-07-26_16:08:33.758294,0.719109058380127,3927,25,34,20,7434.928263679227,7434.928263679054,2.324218704046286e-14,5470.325296271275,1500.0,88.1606958498371,6191.3411305946875,0.0,36.0,64.0
2023-07-26_16:08:38.881242,1.428312063217163,3927,25,34,20,7545.415121150315,7545.415121150315,0.0,5332.272696682619,1450.0,93.5871303602838,1297.6562334172077,0.0,48.0,52.0
2023-07-26_16:08:44.244213,1.5895543098449707,3927,25,34,20,7223.961938259954,7223.9567855977,7.132737267702949e-07,5215.862198435919,1500.0,109.30983741888433,2508.791288196998,0.0,60.0,40.0
2023-07-26_16:08:49.169585,1.1911380290985107,3927,25,34,20,7425.675064507791,7425.67506450729,6.748633307052749e-14,5441.5602410293595,1299.9999544,153.43508480270262,847.4111332920759,0.0,40.0,60.0
2023-07-26_16:08:53.987112,1.0732107162475586,3927,50,10,10,7571.211077969443,7571.211077969443,0.0,5670.352716649217,1450.0,104.59994277738842,1585.7670961802862,0.0,10.0,40.0
2023-07-26_16:08:58.074818,1.0261905193328857,3927,50,10,10,10077.163750857579,10076.799313519121,3.616467365896533e-05,6015.77655743652,3099.999984973058,91.19266172061597,2481.546840672544,0.0,42.0,57.99999999999999
2023-07-26_16:09:01.814014,0.6541244983673096,3927,50,10,10,10501.042368814517,10501.042368814433,0.0,6451.493913322575,2850.0,118.94506643304109,1471.4137054309606,0.0,26.0,74.0
2023-07-26_16:09:05.829542,0.7104363441467285,3927,50,10,10,9916.35778098199,9916.357780981902,0.0,6296.016045414071,2700.0,100.93559192962097,1407.8106080401276,0.0,34.0,64.0
2023-07-26_16:09:10.200355,1.3269834518432617,3927,50,10,10,9587.24957933161,9587.249579331494,1.2142723610523852e-14,5762.615019599003,2900.0,93.99463752102366,2339.53711042995,0.0,54.0,46.0
2023-07-26_16:09:14.476419,1.0779824256896973,3927,50,10,15,10586.990289121015,10586.714742059761,2.6026949466166348e-05,6831.584351564741,3150.0,106.56242386904813,2999.187043185177,0.0,24.0,76.0
2023-07-26_16:09:20.911074,2.1813805103302,3927,50,10,15,12783.130795493675,12783.130795493675,0.0,8716.160480077022,3000.0,177.22007946004183,5010.360640748133,0.0,30.0,70.0
2023-07-26_16:09:27.133876,1.8522837162017822,3927,50,10,15,12866.767802960996,12866.767802960656,2.6436399853644448e-14,8228.774918998228,3200.0,121.58813008353705,1740.183101197846,0.0,48.0,52.0
2023-07-26_16:09:34.711617,2.9284677505493164,3927,50,10,15,12533.901306056534,12533.901306056534,0.0,8557.254964976795,3100.0,152.9183655352673,2431.417685438401,0.0,38.0,62.0
2023-07-26_16:09:40.447604,1.5421483516693115,3927,50,10,15,13797.82971318896,13797.82971318896,0.0,9160.898436621388,3400.0,175.66965940193072,1969.5175632568867,0.0,16.0,84.0
2023-07-26_16:09:46.870820,2.150665044784546,3927,50,10,20,12952.903194006838,12952.903194006838,0.0,9048.249047821153,3350.0,198.2329290746146,3654.1613405772873,0.0,26.0,74.0
2023-07-26_16:09:58.199826,6.07175087928772,3927,50,10,20,14895.85119580346,14895.85119580346,0.0,10293.87209975862,3050.0,270.71613485289424,6772.529850607465,0.0,62.0,38.0
2023-07-26_16:10:09.088585,5.514011383056641,3927,50,10,20,15153.700298333682,15153.700298333682,0.0,10421.357397850852,3550.0,148.01332560159986,6575.594875578114,0.0,60.0,40.0
2023-07-26_16:10:16.669586,2.2494688034057617,3927,50,10,20,15235.513556839482,15235.513556839482,0.0,10647.826375346913,2800.0,173.70762879029328,2234.0922471351964,0.0,40.0,60.0
2023-07-26_16:10:24.431624,2.245516538619995,3927,50,10,20,14699.606866438044,14698.657177265193,6.460643345630764e-05,11037.388743031663,3050.0,214.7615225468991,2832.3319982670737,0.0,38.0,62.0
2023-07-26_16:10:31.928744,2.15755033493042,3927,50,20,10,15112.932817963054,15112.932817963054,0.0,11142.324518578333,2850.0,200.70035331666662,4102.488184101654,0.0,32.0,66.0
2023-07-26_16:10:36.370648,0.8148772716522217,3927,50,20,10,9764.55235195134,9764.55235195134,0.0,6094.132604592147,2700.0,126.68171935777292,1712.060747878779,0.0,38.0,62.0
2023-07-26_16:10:41.018543,1.2442491054534912,3927,50,20,10,9120.379131371803,9120.379131371803,0.0,5734.4231958265855,2650.0,107.54524134921924,2742.5474363082685,0.0,52.0,48.0
2023-07-26_16:10:45.143631,0.7261593341827393,3927,50,20,10,10790.014048201843,10790.014048201843,0.0,6434.247415154845,3600.0,108.76385754719576,1692.576162040841,0.0,34.0,66.0
2023-07-26_16:10:49.320943,0.7687180042266846,3927,50,20,10,10232.35440914449,10232.35440914449,0.0,6546.162980568084,2600.0,98.88376311308738,3475.8357098525194,0.0,20.0,80.0
2023-07-26_16:10:54.136763,1.433983325958252,3927,50,20,15,9269.857448551937,9269.857448551842,0.0,5853.466068275485,2850.0,88.13947379437951,1311.0625278124123,0.0,50.0,50.0
2023-07-26_16:11:00.443433,1.736283540725708,3927,50,20,15,13372.793195021677,13372.412481659034,2.8469247754838578e-05,8526.538260002679,3549.9999989809894,126.305251971345,2498.66798467789,0.0,32.0,66.0
2023-07-26_16:11:06.673132,1.5699114799499512,3927,50,20,15,12016.989551648667,12016.989551648667,0.0,8146.248841584822,3050.0000000000005,186.81757260410546,4102.595659073996,0.0,48.0,50.0
2023-07-26_16:11:12.681265,1.3507194519042969,3927,50,20,15,12055.940475746818,12055.940475746818,0.0,8424.610120547435,2800.0,211.7689620811892,1459.8003738356379,0.0,36.0,64.0
2023-07-26_16:11:18.696888,1.3802697658538818,3927,50,20,15,13513.098777405103,13513.082090748823,1.2348504628257967e-06,9057.019651174884,3099.99999,122.34756173500358,1658.4357713805505,0.0,18.0,82.0
2023-07-26_16:11:26.684512,3.33449649810791,3927,50,20,20,12350.730455670411,12350.730455670411,0.0,7844.084268834624,3300.0,204.95803306062322,2637.8044670124436,0.0,60.0,40.0
2023-07-26_16:11:36.724339,4.196132659912109,3927,50,20,20,15929.020530030837,15929.020530030415,2.6492874488235827e-14,10930.655301765273,3400.0,214.5322351091864,3345.221605657499,0.0,32.0,68.0
2023-07-26_16:11:44.938163,2.3182373046875,3927,50,20,20,15073.583227304864,15073.583227304864,0.0,10766.931566569723,3000.0000000000005,268.5110181303802,4538.367503011808,0.0,40.0,60.0
2023-07-26_16:11:53.561746,2.653491258621216,3927,50,20,20,16334.71080618117,16334.71080618117,0.0,11175.754079393108,3600.0,149.94130697593914,4760.498936966125,0.0,26.0,74.0
2023-07-26_16:12:03.659627,4.141242742538452,3927,50,20,20,15154.641867629854,15154.641867629638,1.4283395207399292e-14,10426.099264694829,3200.0,168.64094162705524,2581.065493503707,0.0,50.0,50.0
2023-07-26_16:12:12.013543,2.483163595199585,3927,50,34,10,16006.897770404628,16006.897770404628,0.0,11039.410551207986,3800.0,179.03049172925736,7129.9115606438845,0.0,36.0,64.0
2023-07-26_16:12:16.894284,0.8639187812805176,3927,50,34,10,9841.442742912372,9841.442742912372,0.0,6567.506649284968,2900.0,111.91523439256639,4263.134874466295,0.0,28.000000000000004,72.0
2023-07-26_16:12:21.802721,1.0801684856414795,3927,50,34,10,9722.60470303618,9722.604703036137,0.0,5812.785305021758,2900.0,76.33549582594847,2900.6451017970926,0.0,48.0,52.0
2023-07-26_16:12:26.304496,0.6862950325012207,3927,50,34,10,9754.04239625258,9753.643877878701,4.085673997396142e-05,6459.780642479728,2700.0,128.98002487368072,3214.4612316605608,0.0,26.0,74.0
2023-07-26_16:12:31.077377,1.0036377906799316,3927,50,34,10,10374.111550012236,10373.82929843088,2.7207301559862126e-05,6134.7295961159025,3150.0,103.3507281841696,1488.3669487121003,0.0,34.0,66.0
2023-07-26_16:12:36.051415,1.1227762699127197,3927,50,34,15,9547.440335187417,9547.440335187417,0.0,5954.292333622523,2650.0,90.31953960341954,982.0886581769234,0.0,44.0,56.00000000000001
2023-07-26_16:12:42.253827,1.158155918121338,3927,50,34,15,12840.325516942805,12840.325516942792,0.0,8817.416569201989,3050.0,124.17143683483178,3060.8104647448135,0.0,28.000000000000004,72.0
2023-07-26_16:12:50.644861,3.295581102371216,3927,50,34,15,12639.790256124697,12639.550325946999,1.8982132838981652e-05,8177.61243130461,3000.0,178.50329277789675,2384.0680569634014,0.0,52.0,48.0
2023-07-26_16:12:57.045962,1.2658140659332275,3927,50,34,15,12437.907342315119,12437.907342315119,0.0,8282.911096310532,3050.0,162.43532734749215,2665.5413144124987,0.0,46.0,54.0
2023-07-26_16:13:03.550969,1.3625850677490234,3927,50,34,15,12039.285615177125,12039.285615177125,0.0,8126.869929915543,2900.0,130.87167074874995,1429.009194622227,0.0,52.0,48.0
2023-07-26_16:13:10.562310,1.8843140602111816,3927,50,34,20,12901.052800104104,12901.052800104104,0.0,8520.755353944192,3200.0,152.6938752852988,1458.9494914483478,0.0,42.0,57.99999999999999
2023-07-26_16:13:21.138534,4.117969989776611,3927,50,34,20,15423.772334416935,15423.772334416935,0.0,10741.179401503161,3100.0,236.46532492075994,4579.530470591213,0.0,46.0,54.0
2023-07-26_16:13:30.355564,2.625696897506714,3927,50,34,20,15714.924134600755,15714.924134600558,1.2500910211231092e-14,11255.8508358814,3550.0,219.08165428282143,1934.916689892576,0.0,28.000000000000004,72.0
2023-07-26_16:13:38.913619,1.9593315124511719,3927,50,34,20,14864.107808075725,14864.107808075725,0.0,10561.421066446524,3100.0,198.36436416455342,7458.305042844177,0.0,46.0,54.0
2023-07-26_16:13:47.325749,1.867933988571167,3927,50,34,20,15388.519550911202,15387.817613951054,4.561432682496176e-05,11149.103691544158,3000.0,169.33874176438778,2549.4681208104253,0.0,26.0,74.0
2023-07-26_16:13:56.381449,2.4356322288513184,3927,75,10,10,14716.089929185247,14716.089929185247,0.0,10869.245892248526,2700.0,213.5232019214948,3878.5339234788557,0.0,24.0,42.66666666666667
2023-07-26_16:14:01.689409,1.038649559020996,3927,75,10,10,15017.057159159956,15017.057159159956,0.0,9275.185262319565,4350.0,139.6146499993343,3450.7671929893286,0.0,29.333333333333332,70.66666666666667
2023-07-26_16:14:07.943294,2.0315253734588623,3927,75,10,10,14218.77187858917,14218.771878589032,9.722583346150568e-15,8924.315974691635,4250.0,171.0995369172954,3145.9737639428904,0.0,44.0,56.00000000000001
2023-07-26_16:14:13.578448,1.4842393398284912,3927,75,10,10,14292.713483599386,14292.71348359937,0.0,9207.703711567965,3900.0,137.7781298321021,1417.1549684183774,0.0,41.333333333333336,58.666666666666664
2023-07-26_16:14:19.261381,1.4853382110595703,3927,75,10,10,15074.222235528057,15074.098436583823,8.212625653250383e-06,9042.98840326285,4250.0,126.5921578215734,2930.997335557521,0.0,41.333333333333336,58.666666666666664
2023-07-26_16:14:26.824204,3.2969796657562256,3927,75,10,15,14312.944174923394,14312.944174923394,0.0,8375.03756575615,4400.0,153.19566110280394,3302.666056431318,0.0,58.666666666666664,41.333333333333336
2023-07-26_16:14:36.649106,4.124696254730225,3927,75,10,15,18172.8700304042,18171.396394799638,8.108986649307184e-05,11999.163446446186,4400.0,177.70028848565715,5057.783999783172,0.0,58.666666666666664,41.333333333333336
2023-07-26_16:14:45.397993,2.9281513690948486,3927,75,10,15,18447.099988276943,18446.84582636971,1.3777878766534973e-05,12449.618682440456,4450.0,166.6109959332322,3762.30166379394,0.0,44.0,56.00000000000001
2023-07-26_16:14:54.507808,3.2388837337493896,3927,75,10,15,19754.837921536822,19754.837921536822,0.0,12883.984861806706,4700.0,305.834902264417,4565.238790949144,0.0,32.0,68.0
2023-07-26_16:15:03.171819,2.846458911895752,3927,75,10,15,19119.174726324112,19119.174726324112,0.0,13014.609756169913,4350.0,240.97632770683862,3397.84262059493,0.0,34.66666666666667,65.33333333333333
2023-07-26_16:15:12.102899,3.0939462184906006,3927,75,10,20,18646.53549325097,18645.102390934015,7.685622444303521e-05,12838.159604296578,4550.00005766949,192.12960995227184,5676.204625298514,0.0,33.33333333333333,66.66666666666666
2023-07-26_16:15:22.772089,3.2905375957489014,3927,75,10,20,23813.809629336873,23813.809629336873,0.0,16844.652458407356,4900.0,385.0016852585012,3176.5141400990883,0.0,30.666666666666664,69.33333333333334
2023-07-26_16:15:34.331576,4.059657096862793,3927,75,10,20,24068.509255902718,24066.410993551384,8.717874169207618e-05,17047.319190219117,5099.999950131602,198.80315573808755,7849.170418995504,0.0,28.000000000000004,72.0
2023-07-26_16:15:55.042302,13.196749448776245,3927,75,10,20,21974.35016347632,21974.35016347632,0.0,15493.756017447371,4150.000000000003,317.8530947158051,5086.296415633239,0.0,54.666666666666664,45.33333333333333
2023-07-26_16:16:07.125092,4.58171820640564,3927,75,10,20,23157.665777610502,23157.282964192913,1.6530742833300567e-05,16204.295071580462,4650.0,286.36800727963833,8322.532574276656,0.0,37.333333333333336,62.66666666666667
2023-07-26_16:16:17.820891,3.1388206481933594,3927,75,20,10,23562.790843071787,23562.790843071787,0.0,16310.065198354596,4950.0,248.83613754208898,5273.294397595351,0.0,33.33333333333333,66.66666666666666
2023-07-26_16:16:26.250883,3.563114881515503,3927,75,20,10,14651.100804328926,14651.100804328926,0.0,8917.826692468385,4500.0,109.92881391418871,4783.284990063911,0.0,53.333333333333336,46.666666666666664
2023-07-26_16:16:32.658177,1.816770076751709,3927,75,20,10,14594.60597581309,14593.543356964674,7.280901246512788e-05,8958.906010438684,4100.0,159.40112722886488,2084.780792863834,0.0,44.0,56.00000000000001
2023-07-26_16:16:39.067762,1.8275108337402344,3927,75,20,10,15031.095044010075,15031.09504401007,0.0,9046.099508084497,4350.0,160.66066810537464,2232.784181382952,0.0,40.0,60.0
2023-07-26_16:16:45.345266,1.7063641548156738,3927,75,20,10,14442.505694927637,14442.505694927637,0.0,9309.681874117132,3950.0,138.75996523824395,3886.2804236387165,0.0,40.0,60.0
2023-07-26_16:16:51.525063,1.6147592067718506,3927,75,20,15,15322.571124907163,15322.225835874628,2.2534666650947727e-05,9124.949524884212,4250.0,142.80104155893252,5043.738600178086,0.0,34.66666666666667,65.33333333333333
2023-07-26_16:16:59.806952,1.9853277206420898,3927,75,20,15,18590.289630352563,18590.289630352563,0.0,12925.760752616538,4449.999999999999,235.55936729967976,5616.255823757764,0.0,34.66666666666667,64.0
2023-07-26_16:17:09.390470,3.1794581413269043,3927,75,20,15,19077.12234868842,19077.12234868842,0.0,12506.737950321252,4599.999929790855,183.13041317599328,4326.202784929272,0.0,44.0,56.00000000000001
2023-07-26_16:17:18.962392,3.104388952255249,3927,75,20,15,18729.51132231083,18729.51132231083,0.0,12711.285137188497,4850.0,200.2237858138783,7482.5532184127505,0.0,36.0,64.0
2023-07-26_16:17:29.545343,4.140639781951904,3927,75,20,15,19213.99318352729,19213.67058576713,1.6789730124293762e-05,12536.629843663004,4900.0,200.20126172773718,4889.824787007054,0.0,46.666666666666664,53.333333333333336
2023-07-26_16:17:40.073233,3.707934617996216,3927,75,20,20,19076.093364495595,19075.81893656136,1.4385960950684469e-05,12498.790032858531,4899.999994568694,335.1567809439952,1218.0808892849097,0.0,49.333333333333336,50.66666666666667
2023-07-26_16:17:53.096473,4.696411848068237,3927,75,20,20,24107.47302518473,24107.47302518473,0.0,16641.132424171406,5200.000000990217,251.28124089678946,5076.472026629038,0.0,28.000000000000004,72.0
2023-07-26_16:18:08.472831,6.894644260406494,3927,75,20,20,22808.258326038478,22808.258326038478,0.0,15986.850714673636,5100.0,230.07722170625274,2178.9072676071382,0.0,49.333333333333336,50.66666666666667
2023-07-26_16:18:26.052881,8.980788230895996,3927,75,20,20,22245.938012417555,22245.423968612384,2.3107310866563798e-05,16098.386450704522,4550.0,279.48794695472225,7748.7000997560335,0.0,45.33333333333333,54.666666666666664
2023-07-26_16:18:42.666568,7.8800764083862305,3927,75,20,20,22961.74569299742,22961.74569299742,0.0,16022.094359147612,4800.000000974054,339.97325019131995,7750.823765095142,0.0,46.666666666666664,53.333333333333336
2023-07-26_16:18:58.150688,6.862231016159058,3927,75,34,10,23076.998112323367,23076.998112323367,0.0,16190.517128639138,4800.0,315.62744898582434,7601.785263132091,0.0,36.0,64.0
2023-07-26_16:19:05.477828,1.6080472469329834,3927,75,34,10,14952.04998925955,14952.049806081784,1.2251013502122766e-08,9044.98798859713,4250.0,146.0222530845683,5410.435712270396,0.0,36.0,64.0
2023-07-26_16:19:13.156964,2.443894624710083,3927,75,34,10,15379.421439416898,15379.421241760941,1.2851976054515292e-08,9136.767655208163,4500.0,134.04443513790096,3590.0263959275976,0.0,37.333333333333336,62.66666666666667
2023-07-26_16:19:20.860013,2.49959659576416,3927,75,34,10,15038.28077196198,15038.28077196198,0.0,9172.350664683087,4200.0,142.58578180009988,1885.1302819565008,0.0,40.0,60.0
2023-07-26_16:19:28.106881,1.9426419734954834,3927,75,34,10,14535.907807660202,14535.220572426857,4.7278452948268814e-05,9029.512118443783,4250.0,102.82475753980552,5023.687520272646,0.0,41.333333333333336,58.666666666666664
2023-07-26_16:19:34.896448,1.5916285514831543,3927,75,34,15,14813.776883442817,14813.412438998494,2.460172359763219e-05,9469.021931945554,3850.0,145.5728683486029,3180.5230998982966,0.0,30.666666666666664,69.33333333333334
2023-07-26_16:19:45.033366,2.886127471923828,3927,75,34,15,18790.611894859805,18790.576293377264,1.8946420020965606e-06,12634.399001402417,4450.0,168.82744864071728,2978.481974070093,0.0,41.333333333333336,58.666666666666664
2023-07-26_16:19:57.111274,4.7791595458984375,3927,75,34,15,18516.87117337488,18516.87117337488,0.0,12396.981829993327,4950.0,224.79239410726007,2223.5506964505817,0.0,53.333333333333336,46.666666666666664
2023-07-26_16:20:07.580409,3.0686700344085693,3927,75,34,15,18977.52046691666,18977.52046691666,0.0,12753.85363022821,4400.0,179.52714335484433,3465.577759926708,0.0,40.0,60.0
2023-07-26_16:20:17.635871,2.722562551498413,3927,75,34,15,19304.398251663933,19304.39825166393,0.0,13079.238608174408,4549.999999999999,208.6039341494043,4828.367164224664,0.0,29.333333333333332,69.33333333333334
2023-07-26_16:20:29.538011,4.543402910232544,3927,75,34,20,19160.281639593588,19160.281639593588,0.0,12203.539115134427,4750.0,212.59952073379225,4043.7415132851747,0.0,49.333333333333336,50.66666666666667
2023-07-26_16:20:59.192020,20.134819269180298,3927,75,34,20,21866.476193616047,21866.420272657968,2.557383164238997e-06,15339.349395379915,4550.000000000002,195.99520104264766,10269.661544459868,0.0,64.0,34.66666666666667
2023-07-26_16:21:15.479737,6.766774415969849,3927,75,34,20,23089.577417607597,23089.577417607597,0.0,16203.329298961145,5150.0,176.4504414930048,4908.468516448988,0.0,41.333333333333336,58.666666666666664
2023-07-26_16:21:37.679057,12.737897157669067,3927,75,34,20,22781.6510124491,22779.59058273962,9.044251043762023e-05,15774.576799225986,4699.9999919733555,244.21692053450158,3299.5253665853725,0.0,54.666666666666664,45.33333333333333
2023-07-26_16:21:50.328941,3.077686309814453,3927,75,34,20,23563.55544809205,23563.55544809205,0.0,16258.479919449455,4750.0,269.9378945774546,4347.514492937522,0.0,36.0,64.0
2023-07-26_16:22:07.250763,7.444936037063599,3927,100,10,10,23910.276153582123,23910.276153582123,0.0,16073.99005147062,5249.999980227157,315.62861348982557,8066.205863284695,0.0,28.999999999999996,46.0
2023-07-26_16:22:14.961929,2.166396379470825,3927,100,10,10,20092.17972782699,20092.17972782699,0.0,12176.098749317558,6350.0,248.76261698736283,7796.982379310579,0.0,40.0,60.0
2023-07-26_16:22:22.073338,1.8081679344177246,3927,100,10,10,19613.930224963733,19612.9139033926,5.1816314194856906e-05,12079.74601302193,5500.0,277.30463219346177,5815.922965968355,0.0,33.0,67.0
2023-07-26_16:22:29.394553,2.003554344177246,3927,100,10,10,19224.910343676354,19224.910343676354,0.0,12313.556046945449,5400.0,160.84976060705606,4784.179038936267,0.0,37.0,63.0
2023-07-26_16:22:36.892137,2.2027885913848877,3927,100,10,10,20571.24089809391,20571.240898093907,0.0,13137.111476273281,6250.0,156.16846779646363,3440.072315369992,0.0,27.0,73.0
2023-07-26_16:22:44.591061,2.358698844909668,3927,100,10,15,19937.667811108255,19937.303366663866,1.827919131975341e-05,12114.653764842034,5949.999998781513,150.48858823117277,2985.5953757348398,0.0,37.0,63.0
2023-07-26_16:22:57.461133,5.590832948684692,3927,100,10,15,25992.974024100095,25992.974024100095,0.0,16887.996595605604,6299.999963692894,351.48150571924896,5349.3573881042785,0.0,36.0,64.0
2023-07-26_16:23:14.682166,9.673879384994507,3927,100,10,15,25089.962866274345,25089.962866274345,0.0,16899.36774746808,6000.000001828813,298.30730535771175,3904.1561200623746,0.0,41.0,56.99999999999999
2023-07-26_16:23:30.803828,8.599519729614258,3927,100,10,15,26040.30577000327,26038.41809302489,7.24905842139832e-05,16980.106433344055,6300.0,302.8237585371065,8396.927010844327,0.0,43.0,56.99999999999999
2023-07-26_16:23:48.296768,9.655719995498657,3927,100,10,15,24376.004406152097,24375.86690920262,5.640668059641488e-06,16828.54297087973,5700.0,281.33629149299657,9581.848788481266,0.0,52.0,48.0
2023-07-26_16:24:10.858628,14.808974266052246,3927,100,10,20,24207.48279402194,24206.8311282277,2.692001476510623e-05,15659.134862622184,5950.0,232.9319364842369,4478.044966657767,0.0,67.0,33.0
2023-07-26_16:24:29.915468,9.42949652671814,3927,100,10,20,31002.62850688241,31002.62850688241,0.0,21454.729561616023,7100.0,354.192982239758,5151.444828830025,0.0,39.0,61.0
2023-07-26_16:24:52.746633,12.908714771270752,3927,100,10,20,32075.735541122896,32075.735541122896,0.0,22253.77123144768,6700.0,389.9843273841381,8990.990862473078,0.0,30.0,70.0
2023-07-26_16:25:09.291910,6.699851036071777,3927,100,10,20,31030.465478613314,31029.892559520147,1.8463116306194848e-05,22451.84613648817,6200.0,424.2232709322962,9851.118450509768,0.0,31.0,69.0
2023-07-26_16:25:41.946223,22.86200189590454,3927,100,10,20,31209.371415866633,31209.371415866633,0.0,21321.23837785117,6650.000026799338,430.28483293498084,3763.850074579955,0.0,41.0,57.99999999999999
2023-07-26_16:26:08.875735,17.02286410331726,3927,100,20,10,29478.547101778044,29478.547101778044,0.0,21371.581065455837,6300.0,339.509917246201,6180.155405033239,0.0,45.0,55.00000000000001
2023-07-26_16:26:20.345821,5.0992584228515625,3927,100,20,10,19041.585098660034,19041.400480896944,9.695503926482046e-06,11559.108380778951,5649.999999756144,184.9293645205647,4246.566127812799,0.0,55.00000000000001,45.0
2023-07-26_16:26:29.540017,3.281764030456543,3927,100,20,10,19260.013601506103,19260.013601344792,8.375467516421657e-12,12102.114439191286,5350.0,184.62654967828377,2971.4500976038908,0.0,43.0,56.99999999999999
2023-07-26_16:26:38.411728,2.9112296104431152,3927,100,20,10,19890.327342483397,19890.32733527197,3.6255950050155655e-10,12429.339323346256,5500.0,233.11056858471557,4638.978283169312,0.0,41.0,59.0
2023-07-26_16:26:48.642897,4.260143995285034,3927,100,20,10,19457.136902134447,19456.666759934877,2.4162969194042693e-05,12175.103482896222,5900.0,225.00278633276153,4366.898383765749,0.0,41.0,59.0
2023-07-26_16:26:56.338372,1.7558071613311768,3927,100,20,15,21108.528308412908,21108.528308412908,0.0,12500.479724439667,6050.0,242.39531519534776,4918.386638309131,0.0,28.000000000000004,72.0
2023-07-26_16:27:14.266527,9.717983722686768,3927,100,20,15,24897.752292993715,24897.752292993715,0.0,16778.833983653956,6050.0,279.71524375561705,8310.021442239813,0.0,46.0,54.0
2023-07-26_16:27:37.102512,14.323074340820312,3927,100,20,15,25582.461257387742,25582.461257387742,0.0,16568.38573548588,6300.0,220.56349850538484,4073.2815790569803,0.0,44.0,56.00000000000001
2023-07-26_16:27:50.819383,5.292355298995972,3927,100,20,15,25402.735844429324,25402.735844429324,0.0,17061.284465366873,6200.0,226.97332251597163,4124.530854454116,0.0,37.0,63.0
2023-07-26_16:28:04.431952,5.148740291595459,3927,100,20,15,25530.210867411086,25530.210867411086,0.0,16666.790375987122,6500.0,298.7311524324245,5285.338175041256,0.0,39.0,61.0
2023-07-26_16:28:19.790708,6.974579334259033,3927,100,20,20,25190.529152715768,25190.529061246867,3.631082945373865e-09,16849.201671920327,5550.000000072424,288.5234755868542,6359.141903134214,0.0,42.0,57.99999999999999
2023-07-26_16:28:39.371043,8.872138500213623,3927,100,20,20,31159.836953486076,31159.836953486076,0.0,21689.93549372609,6400.0,276.5397897509517,10738.963849172484,0.0,35.0,65.0
2023-07-26_16:29:13.335564,23.024237871170044,3927,100,20,20,30639.863855559197,30639.610201919924,8.278549815639868e-06,21770.77308934873,6550.000000000008,374.2483650818963,8450.617167520428,0.0,44.0,55.00000000000001
2023-07-26_16:29:32.574250,8.298041343688965,3927,100,20,20,30080.092838364573,30080.092838364188,1.2819965537469654e-14,21649.522785611684,6049.99999881579,332.004666471576,12873.318815716257,0.0,41.0,59.0
2023-07-26_16:29:55.317579,11.87052869796753,3927,100,20,20,31283.997890181934,31283.997890181934,0.0,21797.55745187946,6650.0,298.19008558517066,9051.795388222576,0.0,39.0,61.0
2023-07-26_16:30:16.473370,10.230464935302734,3927,100,34,10,30688.95039811306,30688.95039811306,0.0,21801.9591381048,6599.999960009359,353.7602862639294,10296.238453215137,0.0,39.0,61.0
2023-07-26_16:30:27.986603,4.406310558319092,3927,100,34,10,20076.98259388949,20076.71581569611,1.3287763344610583e-05,12203.933782608228,6200.0,181.22848639196732,2591.680935810357,0.0,42.0,57.99999999999999
2023-07-26_16:30:36.955976,2.2956655025482178,3927,100,34,10,19486.91146347281,19486.91146347281,0.0,12758.90442198585,5550.0,174.84664227946786,4382.409336121039,0.0,33.0,67.0
2023-07-26_16:30:45.930354,2.2904484272003174,3927,100,34,10,20192.08871285293,20191.252299105046,4.142284435139338e-05,12156.454066837674,5700.0,177.92492028768123,3910.959335482409,0.0,38.0,62.0
2023-07-26_16:30:55.246833,2.6822497844696045,3927,100,34,10,19831.691734066568,19831.675843621302,8.012652414440399e-07,11922.61472712705,6250.0,169.81623765947515,4072.542584349424,0.0,44.0,56.00000000000001
2023-07-26_16:31:04.669532,2.757988214492798,3927,100,34,15,20831.04995502476,20831.04995502476,0.0,12629.542157236492,6300.0,253.6812224801928,4753.395120224076,0.0,34.0,66.0
2023-07-26_16:31:24.339101,10.355367660522461,3927,100,34,15,24537.972786747716,24537.972786747716,0.0,15968.524496640774,5900.0,268.01573165781167,5384.678529791424,0.0,56.00000000000001,43.0
2023-07-26_16:31:38.829889,4.925180673599243,3927,100,34,15,27132.42701358194,27132.33410671627,3.4242003350138916e-06,16881.806187906546,6650.000000000002,256.19492729279756,5947.459423405109,0.0,33.0,67.0
2023-07-26_16:31:55.804246,7.389338493347168,3927,100,34,15,25408.00142564181,25407.810065324364,7.5314982174861304e-06,16596.3908048544,6450.0,289.20817267916766,7508.04510685682,0.0,46.0,54.0
2023-07-26_16:32:10.844767,5.456150531768799,3927,100,34,15,25025.69248923741,25025.69248923741,0.0,17003.328294483967,5649.999935377143,336.91019174371485,4238.296224543657,0.0,33.0,67.0
2023-07-26_16:32:27.739045,7.373438119888306,3927,100,34,20,25152.84356408977,25152.081988317852,3.027791947169713e-05,16597.67545984114,6199.999925078903,287.4235114413559,7254.204328079703,0.0,49.0,51.0
2023-07-26_16:33:05.411335,25.361093521118164,3927,100,34,20,30786.3406834727,30786.3406834727,0.0,21408.354996412596,6900.0,294.36561975203875,15596.46072437268,0.0,47.0,53.0
2023-07-26_16:33:36.050869,18.140116453170776,3927,100,34,20,30613.768285719765,30612.890144118224,2.8684531526635634e-05,21447.22148821132,6400.0,224.2234198016435,11914.419828369122,0.0,47.0,53.0
2023-07-26_16:34:03.794035,15.186652421951294,3927,100,34,20,30557.490226489837,30557.490226489837,0.0,21768.780182089155,6700.0,343.0142657585651,10932.384298988627,0.0,42.0,57.99999999999999
2023-07-26_16:34:28.710117,12.361889839172363,3927,100,34,20,30328.458366102004,30328.458366102004,0.0,21521.765261268818,5850.0,356.1306248177436,10835.618826339905,0.0,43.0,56.99999999999999
2023-07-26_16:34:52.727493,10.453752517700195,3927,125,10,10,30437.184722387512,30437.184722387512,0.0,21877.493201058118,5950.0,394.19803170797763,5542.450562406893,0.0,28.799999999999997,51.2
2023-07-26_16:35:04.804705,4.480710983276367,3927,125,10,10,24726.606033516095,24726.27813262328,1.3261055414169546e-05,14979.143598795983,6700.00003729001,243.4691305706119,5860.952402976314,0.0,45.6,54.400000000000006
2023-07-26_16:35:16.005227,4.150098562240601,3927,125,10,10,25843.730500337973,25843.730500337973,0.0,16079.718891224606,7500.0,236.69039252052164,8473.302132231744,0.0,34.4,65.60000000000001
2023-07-26_16:35:27.247727,4.750854015350342,3927,125,10,10,25514.35744160342,25514.35744160342,0.0,15379.560772658806,7000.0,202.27450891674215,7766.082222550203,0.0,43.2,56.8
2023-07-26_16:35:38.418177,4.550317764282227,3927,125,10,10,25722.54325850793,25720.023076565383,9.79756129562358e-05,15298.221230463572,7999.999986500001,277.6068028263024,4862.411875372187,0.0,35.199999999999996,64.8
2023-07-26_16:35:50.080675,5.0591278076171875,3927,125,10,15,24686.74506172621,24686.74506172621,0.0,14752.647980972462,7550.0,220.35987307928704,6947.741951343387,0.0,52.800000000000004,47.199999999999996
2023-07-26_16:36:10.271152,11.21059536933899,3927,125,10,15,29771.176175829747,29771.176175829747,0.0,21103.680259025223,7400.0,273.9888523657274,7274.729882428344,0.0,41.6,58.4
2023-07-26_16:36:34.650762,15.088674068450928,3927,125,10,15,31602.115573320512,31600.875052504787,3.9254359818001e-05,20734.915724017395,8300.000016006714,414.87171881494857,8300.881151095618,0.0,46.400000000000006,53.6
2023-07-26_16:36:54.483733,10.588587522506714,3927,125,10,15,33222.707972872224,33222.47299972937,7.072666774988212e-06,21594.941229448898,8050.0,476.1772375391997,9623.029730791752,0.0,29.599999999999998,70.39999999999999
2023-07-26_16:37:16.302923,12.198650121688843,3927,125,10,15,31964.513561489952,31964.513561489952,0.0,21728.35336205397,8400.0,321.475141606415,9091.039775425443,0.0,36.8,63.2
2023-07-26_16:37:33.626784,7.744943141937256,3927,125,10,20,32012.068714756475,32011.545111956686,1.635641871365749e-05,20999.769760814215,8100.0,303.5109956654654,9683.587521525738,0.0,42.4,57.599999999999994
2023-07-26_16:38:21.615760,35.98958349227905,3927,125,10,20,37934.78694277996,37934.064967309896,1.9032015947595502e-05,27063.21123502119,7600.0,407.3427198903835,11366.394260037818,0.0,47.199999999999996,52.800000000000004
2023-07-26_16:39:11.837327,36.63844060897827,3927,125,10,20,38175.27373440718,38175.24734789793,6.911937143621803e-07,26642.81410597534,8799.999998815789,566.5607929720065,10588.902253509803,0.0,43.2,56.8
2023-07-26_16:39:49.803936,24.34812641143799,3927,125,10,20,38620.64278880208,38620.64278880208,0.0,27060.32165816502,7900.0,489.6718807139597,7382.817948517344,0.0,39.2,60.8
2023-07-26_16:40:13.893026,11.593226432800293,3927,125,10,20,39206.61207072868,39206.61207072868,0.0,28047.366297947203,8949.999998815789,438.7383855360923,10881.032458374058,0.0,28.000000000000004,72.0
2023-07-26_16:41:18.561614,52.13356351852417,3927,125,20,10,38694.52014269323,38694.52014269323,0.0,26573.21837904912,8100.000001970314,603.6004634726988,13066.351186083411,0.0,44.800000000000004,55.2
2023-07-26_16:41:31.067544,4.449476480484009,3927,125,20,10,24818.490860923874,24816.07689051996,9.726499558101816e-05,14845.078798706867,6750.0,271.72778668076893,4443.817718489165,0.0,42.4,57.599999999999994
2023-07-26_16:41:43.172100,4.714515924453735,3927,125,20,10,24475.23817093477,24473.748222077418,6.087576541418373e-05,14615.892879579991,7150.0,299.36838132931973,4610.704418775923,0.0,47.199999999999996,52.800000000000004
2023-07-26_16:41:57.051634,6.532665967941284,3927,125,20,10,23833.519609705963,23833.519609705963,0.0,14477.010828296427,7400.0,268.60893129879696,7497.364559981471,0.0,52.0,48.0
2023-07-26_16:42:10.473141,5.762590408325195,3927,125,20,10,25114.49477537749,25114.49477537749,0.0,14831.287886692318,8099.999999999992,211.39526695600395,4925.628967454414,0.0,49.6,50.4
2023-07-26_16:42:22.204674,4.188151121139526,3927,125,20,15,25360.221630397646,25360.221630397646,0.0,15470.724894394414,6900.0,241.16007925852836,5710.2906239083495,0.0,32.800000000000004,67.2
2023-07-26_16:42:45.315556,12.610836505889893,3927,125,20,15,33264.49430800257,33264.4942995173,2.550849750727362e-10,21591.622436875856,8400.0,427.68828078720264,8859.910846183055,0.0,40.0,60.0
2023-07-26_16:43:06.105727,10.327129364013672,3927,125,20,15,31076.17243415609,31075.846841140075,1.0477256061879457e-05,20375.593315432427,7250.0,412.3865139097095,7117.947819805105,0.0,48.0,52.0
2023-07-26_16:43:34.280887,17.427318334579468,3927,125,20,15,31019.770436742263,31019.770436742263,0.0,20230.388224938215,7399.99990054943,409.2306142687419,8332.170276804225,0.0,52.800000000000004,46.400000000000006
2023-07-26_16:43:53.346067,8.663891077041626,3927,125,20,15,32433.219854696414,32433.219854696414,0.0,21866.798542314373,7650.0,365.079684725015,7571.112257165455,0.0,32.800000000000004,67.2
2023-07-26_16:44:12.637204,8.757590055465698,3927,125,20,20,31316.28322056321,31316.28322056321,0.0,20940.315401106134,7450.0,506.58937559719664,3953.7085385708288,0.0,40.0,60.0
2023-07-26_16:44:51.394185,25.27011489868164,3927,125,20,20,39724.62542212458,39724.521706178086,2.6108728627538473e-06,26394.460121472413,9299.999999918811,411.8491707097535,13225.582154738287,0.0,42.4,57.599999999999994
2023-07-26_16:45:38.024251,32.96238970756531,3927,125,20,20,38790.218128519286,38790.21812851923,0.0,27351.88689486263,8199.999988171758,466.49719300151185,7151.2462876454065,0.0,32.800000000000004,67.2
2023-07-26_16:46:05.719959,14.073209285736084,3927,125,20,20,37817.90189635793,37817.67033975258,6.122936327504617e-06,26898.478434599565,7800.0,426.3667138125579,7050.720859206232,0.0,41.6,58.4
2023-07-26_16:46:44.478625,24.994272708892822,3927,125,20,20,38514.29275650858,38514.29275650858,0.0,26559.05535277081,8500.0,344.89348321277646,9571.979872833921,0.0,44.0,56.00000000000001
2023-07-26_16:47:11.678654,13.19306492805481,3927,125,34,10,40033.4267231507,40033.2305319652,4.9006842919728515e-06,27079.170380186835,8450.0,414.0659178652084,6562.983034710637,0.0,26.400000000000002,73.6
2023-07-26_16:47:26.367428,5.731123924255371,3927,125,34,10,25099.54908969423,25099.54908969423,0.0,14905.988057840554,7250.0,276.16420755726614,8424.634864799616,0.0,40.8,59.199999999999996
2023-07-26_16:47:38.757081,3.5797905921936035,3927,125,34,10,26744.769813547748,26744.769813547748,0.0,16154.361751765648,7900.0,209.83528113925078,5131.469114091438,0.0,26.400000000000002,73.6
2023-07-26_16:47:50.710237,3.5969815254211426,3927,125,34,10,24579.443358513756,24579.443358513756,0.0,15427.266205333734,6950.0,285.1149080227915,8548.954053937161,0.0,36.8,63.2
2023-07-26_16:48:02.928839,3.870492458343506,3927,125,34,10,24087.13006949791,24087.13006949791,0.0,15482.314257197197,7000.0,269.26980585656077,5851.776207476979,0.0,40.0,60.0
2023-07-26_16:48:14.723678,3.400216579437256,3927,125,34,15,24412.063856980065,24412.063856980065,0.0,15029.615824755274,6800.000003451092,230.93181521970973,4381.785329552273,0.0,41.6,57.599999999999994
2023-07-26_16:48:46.323989,19.87339425086975,3927,125,34,15,31769.519892783675,31769.410601065236,3.440143848836091e-06,20964.86393413753,8150.0,384.8547745039648,5405.312389360608,0.0,45.6,54.400000000000006
2023-07-26_16:49:14.277532,15.822530269622803,3927,125,34,15,31357.05844004882,31357.05844004882,0.0,21331.327869446322,8000.0,344.43265500544135,6993.33659627992,0.0,40.8,59.199999999999996
2023-07-26_16:49:34.712869,8.360870361328125,3927,125,34,15,33053.88619648226,33053.44350405224,1.339305240506504e-05,20965.847061638036,8699.999996842547,339.56003386929444,9532.303053163925,0.0,39.2,60.8
2023-07-26_16:49:59.766047,13.10301399230957,3927,125,34,15,32929.41492989824,32929.24463139038,5.171622642602529e-06,20664.26393780191,8600.0,305.6069917435336,6293.954151949729,0.0,44.800000000000004,55.2
2023-07-26_16:50:23.454199,11.893188238143921,3927,125,34,20,31275.250271013087,31275.250271013087,0.0,20723.989074962374,7450.0,508.500348721942,11437.233560497316,0.0,36.8,63.2
2023-07-26_16:50:57.421986,18.4837167263031,3927,125,34,20,38227.41116047137,38227.41116047137,0.0,26672.836766495635,8050.0,430.02702136664595,14258.937465337804,0.0,47.199999999999996,52.800000000000004
2023-07-26_16:51:25.139868,12.470513105392456,3927,125,34,20,38303.98094687486,38303.980946874624,6.07849727099621e-15,27209.877336036236,7950.0,526.6048990449882,8589.642910952056,0.0,35.199999999999996,64.8
2023-07-26_16:51:53.088648,12.610496520996094,3927,125,34,20,39180.20419649699,39179.888581826475,8.055462624242239e-06,27466.468385191572,8250.0,383.57369545145184,3728.82529611969,0.0,32.0,68.0
2023-07-26_16:52:40.626992,32.36952018737793,3927,125,34,20,39465.97423827347,39465.97423827347,0.0,27883.80856191524,8650.000002363244,430.32127263767114,7990.794434194662,0.0,28.000000000000004,71.2
2023-07-26_16:53:19.860271,23.095043897628784,3927,150,10,10,36795.938929108146,36795.742525500704,5.337643586721084e-06,26757.09210025286,7650.0,606.8322425191675,6293.766460165939,0.0,39.33333333333333,44.0
2023-07-26_16:53:36.158025,8.303025960922241,3927,150,10,10,30049.56615531182,30049.56615531182,0.0,18909.55779158036,8750.0,295.7800992694,8153.976094453409,0.0,40.666666666666664,59.333333333333336
2023-07-26_16:53:48.943039,5.102076292037964,3927,150,10,10,30314.556848817865,30313.220079048006,4.409662910548724e-05,18010.69546215084,8500.0,313.4880339803218,5875.123242216482,0.0,39.33333333333333,60.66666666666667
2023-07-26_16:54:04.436480,7.889758586883545,3927,150,10,10,29535.92163378928,29535.92163378928,0.0,17460.336133481564,9100.00000007928,332.5084386524031,5192.819343530537,0.0,40.0,60.0
2023-07-26_16:54:20.742443,8.597391843795776,3927,150,10,10,29609.636016796503,29609.636016796503,0.0,18627.419140641792,8550.0,267.4277156198053,6134.688857447628,0.0,38.666666666666664,61.33333333333333
2023-07-26_16:54:32.714915,4.456892490386963,3927,150,10,15,32378.498658029966,32378.498658029966,0.0,18297.529901602233,9250.0,359.09835703551886,5003.128037346175,0.0,30.666666666666664,69.33333333333334
2023-07-26_16:54:58.401208,15.17571759223938,3927,150,10,15,37253.19723942219,37253.03521856168,4.349180003739911e-06,24494.40207208215,9200.0,441.03868159439037,11273.784083054617,0.0,48.0,52.0
2023-07-26_16:55:19.952498,10.730770349502563,3927,150,10,15,38301.90472861526,38301.90472861526,0.0,25991.45873105573,8899.999997765748,497.2083659108695,7031.855841167157,0.0,29.333333333333332,70.66666666666667
2023-07-26_16:55:39.398480,8.482187271118164,3927,150,10,15,37216.52167195457,37214.308577950316,5.946536389839423e-05,25935.222513532106,9100.0,482.73540765668395,7248.700747471682,0.0,36.0,64.0
2023-07-26_16:56:05.379632,15.22956371307373,3927,150,10,15,37686.050987734234,37685.676039646074,9.949253857395716e-06,25440.78443785289,9450.0,312.87371381692554,11473.218922696666,0.0,46.0,54.0
2023-07-26_16:56:24.820618,8.561645984649658,3927,150,10,20,38286.955947969785,38286.955947969785,0.0,26110.303118001048,9500.0,415.6946382723547,10506.886420307932,0.0,35.333333333333336,64.66666666666666
2023-07-26_16:57:00.801391,22.21124768257141,3927,150,10,20,46021.800620407615,46021.800620407615,0.0,32010.923270832718,9299.999999999978,633.51938721743,15057.08613563903,0.0,44.0,56.00000000000001
2023-07-26_16:57:39.501405,24.484017372131348,3927,150,10,20,46657.4233593984,46655.72676482178,3.636280048196881e-05,33750.114557522014,8900.0,569.386640396142,9166.515702375513,0.0,28.666666666666668,71.33333333333334
2023-07-26_16:58:14.307579,20.60538077354431,3927,150,10,20,45636.066699910596,45631.73215041746,9.498078617592689e-05,32620.878822752093,9400.00000260467,674.1020250844919,14776.619816573757,0.0,44.0,56.00000000000001
2023-07-26_16:58:49.116635,20.640724658966064,3927,150,10,20,46364.36148252347,46364.36148252347,0.0,32250.858764420467,10100.000008891933,634.384464338174,24165.782692769684,0.0,37.333333333333336,60.66666666666667
2023-07-26_16:59:13.591268,10.293422937393188,3927,150,20,10,47686.44201023745,47686.44201023696,1.0222804210170138e-14,32747.297051802285,9800.000000000004,620.4837980245464,11913.12045146723,0.0,24.666666666666668,75.33333333333333
2023-07-26_16:59:27.444533,4.868749618530273,3927,150,20,10,29977.02886176028,29974.386033717892,8.816177395610348e-05,18674.963922386254,8500.0,332.7156453337818,4468.63153108572,0.0,38.0,62.0
2023-07-26_16:59:39.946755,4.080899953842163,3927,150,20,10,30430.179815846364,30428.965675646672,3.989921213216362e-05,18343.9020623765,8450.0,260.8586113957997,5075.485609787121,0.0,40.0,59.333333333333336
2023-07-26_16:59:51.251426,2.9290692806243896,3927,150,20,10,29698.018494502834,29695.287255290194,9.196705204914803e-05,19172.005338684474,8700.000002532135,376.7215636610392,8479.876959226287,0.0,28.666666666666668,71.33333333333334
2023-07-26_17:00:03.706735,3.976052761077881,3927,150,20,10,28736.223462323585,28733.411846972802,9.784220095830908e-05,17774.979957897413,8000.0,379.04724273145155,7402.216706491941,0.0,35.333333333333336,64.66666666666666
2023-07-26_17:00:19.224112,6.9373815059661865,3927,150,20,15,28617.04036223574,28617.04036223574,0.0,18302.920099899144,8450.0,285.7309074082155,2827.4264514227984,0.0,42.66666666666667,57.333333333333336
2023-07-26_17:00:45.465614,14.184782981872559,3927,150,20,15,37194.748793690145,37194.56249640348,5.008698612242094e-06,24666.720806520414,9149.999999852214,384.1473704484149,7072.920604691147,0.0,45.33333333333333,54.666666666666664
2023-07-26_17:01:06.937651,9.226806163787842,3927,150,20,15,37394.144510600505,37393.46111490925,1.8275473344727608e-05,25042.057721992485,8550.0,474.4568407259913,12530.111852775923,0.0,34.66666666666667,65.33333333333333
2023-07-26_17:01:39.499560,19.70085573196411,3927,150,20,15,37718.262330611906,37718.225989564795,9.634867797558894e-07,25869.687635802504,9450.000000000005,437.28442945716563,6490.750506769428,0.0,35.333333333333336,64.0
2023-07-26_17:02:08.298795,16.216753721237183,3927,150,20,15,37683.90525208728,37683.90525208728,0.0,25005.239435551695,9799.999999999989,474.9769752067966,6947.2484325394,0.0,42.0,57.333333333333336
2023-07-26_17:02:39.757971,19.345741748809814,3927,150,20,20,38543.35023641836,38543.35023641836,0.0,25742.798615415915,10099.999972686215,342.3540818186435,9375.856347967874,0.0,41.333333333333336,58.666666666666664
2023-07-26_17:03:15.097470,19.31817364692688,3927,150,20,20,47063.825594355534,47063.825594355534,0.0,32608.560955424644,10500.0,572.0471270261821,11725.668323125827,0.0,34.66666666666667,65.33333333333333
2023-07-26_17:04:21.584452,50.5162615776062,3927,150,20,20,45492.98894892478,45492.655810133714,7.322860044208966e-06,31864.652536676902,9950.000006648823,572.6711230851618,14088.252886606293,0.0,47.333333333333336,52.666666666666664
2023-07-26_17:05:04.886863,27.362504720687866,3927,150,20,20,47471.9055479762,47471.9055479762,0.0,33035.20354446563,10250.000001417433,531.824888520166,12533.453205412052,0.0,32.666666666666664,67.33333333333333
2023-07-26_17:05:45.647008,24.9722638130188,3927,150,20,20,45398.035891942636,45397.74751306773,6.352232409259855e-06,32904.3905267567,9200.0,690.9914476499434,11217.882745189436,0.0,38.666666666666664,61.33333333333333
2023-07-26_17:06:24.031108,22.55864191055298,3927,150,34,10,44938.71101296951,44938.711012969216,6.4763385065348694e-15,32920.901563935055,9200.00000236922,619.3650149021264,15210.550202623996,0.0,34.66666666666667,65.33333333333333
2023-07-26_17:06:41.905015,7.715733051300049,3927,150,34,10,29484.35216297943,29484.35216269313,9.710291566791967e-12,18074.292507790586,8800.0,271.316149749448,7731.238745463828,0.0,44.0,56.00000000000001
2023-07-26_17:06:59.372523,7.980037689208984,3927,150,34,10,29179.83733915888,29179.206976161295,2.160269059274915e-05,18121.028285202054,8200.0,319.20859616670435,5757.505717396385,0.0,42.0,57.99999999999999
2023-07-26_17:07:13.215428,4.310718774795532,3927,150,34,10,29980.573827520795,29977.631626243525,9.813692340236024e-05,18905.420131290997,8750.0,362.29693554868004,9783.479665908835,0.0,33.33333333333333,66.66666666666666
2023-07-26_17:07:27.850938,5.197397947311401,3927,150,34,10,29888.016801732505,29885.879688717432,7.150400875540684e-05,18325.019101956426,8400.0,373.4430741390174,3263.2736138617015,0.0,37.333333333333336,62.66666666666667
2023-07-26_17:07:44.610446,7.30699610710144,3927,150,34,15,30368.63793558178,30368.63793558178,0.0,18504.256878163305,8850.000001336202,250.9243000465537,6820.126418109092,0.0,41.333333333333336,58.666666666666664
2023-07-26_17:08:06.058201,7.946353912353516,3927,150,34,15,37831.36794945611,37827.88471133911,9.207275088894021e-05,25993.08690856815,8849.999867452554,423.2722102988425,14942.408620751,0.0,31.333333333333336,68.66666666666667
2023-07-26_17:08:30.304327,10.505611896514893,3927,150,34,15,38239.67460140921,38239.67460140921,0.0,25324.10922886005,9400.0,543.893389940285,11676.104825859751,0.0,41.333333333333336,58.666666666666664
2023-07-26_17:08:55.929509,11.724638938903809,3927,150,34,15,38005.75548012537,38004.986567444685,2.0231479968587952e-05,25577.815084872534,8500.0,422.94357722353516,7572.031415846185,0.0,41.333333333333336,58.666666666666664
2023-07-26_17:09:24.340280,14.621233701705933,3927,150,34,15,38691.41146597676,38691.41146597676,0.0,25386.089154449226,9849.999999999987,341.02608321751865,9177.622439196179,0.0,37.333333333333336,62.66666666666667
2023-07-26_17:09:52.131445,13.824002027511597,3927,150,34,20,37524.726113710516,37524.726113710516,0.0,25378.8104195837,9350.0,382.0123899564016,5418.4198724202815,0.0,40.0,60.0
2023-07-26_17:10:29.495912,19.561686038970947,3927,150,34,20,46586.9003595801,46586.9003595801,0.0,32652.106723555404,9550.0,442.1151759455139,9684.719831055283,0.0,34.0,66.0
2023-07-26_17:11:19.090233,31.246175289154053,3927,150,34,20,45933.01705814317,45933.01705814317,0.0,32449.728290764462,9849.999998815789,583.9104116450154,10113.137812724675,0.0,38.0,62.0
2023-07-26_17:12:23.192240,45.91088128089905,3927,150,34,20,46071.6547107839,46071.6547107839,0.0,31703.940013063926,10100.000000000002,567.0404031507677,15547.544667599857,0.0,51.33333333333333,48.66666666666667
2023-07-26_17:13:11.673667,30.255916595458984,3927,150,34,20,46887.275189830616,46887.123460919975,3.2360360039498304e-06,32749.10518187383,9599.999991551806,521.6441765590955,11027.180779502522,0.0,33.33333333333333,66.66666666666666
2023-07-26_17:14:17.013769,47.13931226730347,3927,175,10,10,47122.32179344726,47121.9315402368,8.281705900925574e-06,31798.45830922468,9550.0,501.76403945642755,10994.336879835926,0.0,41.714285714285715,44.0
2023-07-26_17:14:33.772258,7.38018536567688,3927,175,10,10,34206.957755997486,34203.668746470794,9.615030807922221e-05,20894.833946403764,10450.000001927057,316.4399843713779,5939.893023151408,0.0,49.714285714285715,50.28571428571429
2023-07-26_17:14:49.532853,7.048797607421875,3927,175,10,10,35791.20249680195,35790.79409991838,1.1410538207143453e-05,21889.25325912799,10600.0,314.63534070031653,9248.853812716008,0.0,38.857142857142854,61.142857142857146
2023-07-26_17:15:06.825566,8.592677116394043,3927,175,10,10,35638.19873818128,35638.19873818128,0.0,20411.74553083259,10149.999999999996,359.23322877244664,5969.3026516770915,0.0,41.14285714285714,57.714285714285715
2023-07-26_17:15:20.202061,4.616329908370972,3927,175,10,10,36644.84011393433,36644.84011393433,0.0,22585.50933936405,10650.0,365.84947430729767,7127.03051187496,0.0,28.000000000000004,72.0
2023-07-26_17:15:34.367137,5.436624526977539,3927,175,10,15,34370.2495273055,34367.12083794792,9.102899747923023e-05,21455.09632131399,10350.000000007323,351.11345952790856,6224.640806262425,0.0,45.14285714285714,54.85714285714286
2023-07-26_17:15:59.367660,12.042197465896606,3927,175,10,15,43976.9525680183,43974.58170153218,5.3911568393734964e-05,29129.966897433336,10749.999999811145,579.5397882132427,7976.928299418497,0.0,40.0,60.0
2023-07-26_17:16:31.173288,18.955220222473145,3927,175,10,15,43640.762032729275,43637.67199700949,7.080618155716503e-05,29504.281387821495,10349.999996786997,472.9843413994328,9370.13478162335,0.0,36.57142857142857,63.42857142857142
2023-07-26_17:17:05.397248,21.613145351409912,3927,175,10,15,46224.40060189419,46224.40060189419,0.0,29906.699277456708,11899.999900549454,469.11606502802545,9684.510186261357,0.0,38.857142857142854,60.57142857142858
2023-07-26_17:17:34.443564,16.441410303115845,3927,175,10,15,43212.797516351886,43210.155907548964,6.113024276945372e-05,28987.528789307034,10050.000000082135,608.0770350008332,9445.833270628433,0.0,45.14285714285714,54.85714285714286
2023-07-26_17:18:00.590903,13.572348833084106,3927,175,10,20,43023.63468097387,43020.323968959274,7.695100702540721e-05,28695.731384010756,9850.0,563.3046125902497,16567.92033160419,0.0,47.42857142857143,52.57142857142857
2023-07-26_17:19:08.392180,51.69293999671936,3927,175,10,20,52073.79603339153,52071.196465097826,4.9920852553930654e-05,36685.7057540118,10599.99999999999,792.9987217479554,14206.168562310271,0.0,48.57142857142857,50.857142857142854
2023-07-26_17:19:51.428382,26.565430879592896,3927,175,10,20,53207.10019833642,53207.10019833578,1.2033812548727485e-14,37853.339138705065,10700.000003327134,680.412923062887,13295.227698605579,0.0,39.42857142857143,60.0
2023-07-26_17:20:46.240604,38.23400664329529,3927,175,10,20,54453.1402739329,54453.14026715005,1.2456309003728818e-10,37162.582284704375,11800.0,588.0321559187586,15881.792666188869,0.0,40.0,60.0
2023-07-26_17:21:55.665477,52.737565755844116,3927,175,10,20,54600.62679541908,54599.58169295169,1.914085109874696e-05,38204.82317738036,11750.0,774.3955068741194,11678.157060218331,0.0,34.285714285714285,65.71428571428571
2023-07-26_17:22:34.138845,21.863389492034912,3927,175,20,10,54972.289565262465,54967.36505021142,8.958177092479627e-05,38029.06314386855,11800.0,623.1840941458161,9967.489339562573,0.0,30.28571428571429,69.71428571428572
2023-07-26_17:22:51.425617,6.941423416137695,3927,175,20,10,34149.12326937001,34147.014242643556,6.175932277428013e-05,21811.282465955574,9599.999984999999,362.88307750438867,10109.232097994574,0.0,34.85714285714286,65.14285714285715
2023-07-26_17:23:09.525763,8.33070969581604,3927,175,20,10,34458.58942737286,34458.58942737286,0.0,21293.64053722783,9600.000001358792,359.20779001355265,5969.822063594879,0.0,38.857142857142854,61.142857142857146
2023-07-26_17:23:26.572677,7.37407660484314,3927,175,20,10,33285.123275085876,33282.648254924745,7.435814915499998e-05,20501.45700231534,9650.0,350.16968140452633,10921.98895189841,0.0,46.85714285714286,53.142857142857146
2023-07-26_17:23:45.505480,9.18759799003601,3927,175,20,10,34611.3552780389,34609.447985285056,5.510598295045201e-05,20927.116125277535,9950.0,363.6686074798484,4966.933679494236,0.0,41.14285714285714,58.857142857142854
2023-07-26_17:24:01.622276,6.385139226913452,3927,175,20,15,34997.86862155434,34997.839551499026,8.306235911196595e-07,21493.885193944458,9950.0,333.99892359479344,6903.5263638039105,0.0,32.0,68.0
2023-07-26_17:24:28.301216,13.044515132904053,3927,175,20,15,44756.277972351505,44756.277972351505,0.0,29398.939241476943,10800.0,458.1223564154193,9580.560910985854,0.0,34.285714285714285,65.71428571428571
2023-07-26_17:25:02.822673,20.50422763824463,3927,175,20,15,45680.64671038637,45680.58119123469,1.4342868675526167e-06,30334.223261356114,11199.999999375756,392.2077672401388,11038.308802084468,0.0,37.714285714285715,62.28571428571429
2023-07-26_17:25:42.488171,25.7167227268219,3927,175,20,15,44438.225957818075,44438.225957818075,0.0,29356.55335872937,10500.0,456.8739944167831,14113.46329436464,0.0,40.57142857142857,59.42857142857143
2023-07-26_17:26:14.397756,17.872223138809204,3927,175,20,15,43971.26607793771,43970.94294566723,7.348714269648171e-06,29287.213805018902,10750.0,440.84023319915644,14490.994044853287,0.0,36.0,64.0
2023-07-26_17:26:57.479059,28.905040979385376,3927,175,20,20,43692.38887382744,43692.38887382744,0.0,29322.505808896214,10749.999997457833,570.6058062925116,12144.296236195047,0.0,47.42857142857143,52.0
2023-07-26_17:28:40.224538,84.62693738937378,3927,175,20,20,54508.89337472056,54505.62080953092,6.0037270746677303e-05,37776.99627495805,11950.0,625.7781246323565,10122.48102529353,0.0,45.714285714285715,54.285714285714285
2023-07-26_17:29:17.230357,18.531554460525513,3927,175,20,20,54304.112043961264,54304.112043961264,0.0,39535.631379016675,10999.999999972839,626.2791628210947,15517.33207516876,0.0,23.42857142857143,76.0
2023-07-26_17:29:57.771983,22.195084810256958,3927,175,20,20,54220.52945310678,54217.33749956168,5.886983357207696e-05,38573.30053325192,11400.0,635.8644803653672,8430.141511870781,0.0,33.14285714285714,66.85714285714286
2023-07-26_17:30:40.584794,24.34662914276123,3927,175,20,20,54096.814339587545,54094.0207127764,5.1641244410578896e-05,37471.19590696629,12150.000000296512,567.348159988236,15222.5467707236,0.0,37.142857142857146,62.857142857142854
2023-07-26_17:31:33.648734,34.550235748291016,3927,175,34,10,53660.39819969337,53660.39819969337,0.0,38287.01015604014,11150.000000043634,713.1130952239796,20521.035176561167,0.0,32.0,66.28571428571428
2023-07-26_17:31:53.805441,8.456945657730103,3927,175,34,10,35271.32996337583,35271.32996337583,0.0,20853.518758787053,9850.0,264.3259748729603,8259.092084016034,0.0,41.14285714285714,58.857142857142854
2023-07-26_17:32:14.838442,10.081633567810059,3927,175,34,10,34449.76134320631,34449.67464653149,2.516611768387326e-06,21195.13851801025,9750.000000313014,370.30936579768286,9235.844926816077,0.0,37.142857142857146,62.857142857142854
2023-07-26_17:32:31.012537,5.1399641036987305,3927,175,34,10,34465.87512839717,34465.38507839265,1.4218411768172993e-05,21525.20623606002,10650.0,223.45071600594218,5816.9292472662355,0.0,37.714285714285715,62.28571428571429
2023-07-26_17:32:48.339187,6.385509729385376,3927,175,34,10,33737.151791103985,33736.59187745076,1.6596352196309675e-05,21010.23493887684,9750.0,338.8179951113473,9515.254424463797,0.0,43.42857142857143,56.57142857142857
2023-07-26_17:33:09.497119,10.147907018661499,3927,175,34,15,33739.65400188574,33739.28955743049,1.080166545951937e-05,20913.432704078794,9749.999999999987,442.4283496085676,4979.621348171062,0.0,44.57142857142857,55.42857142857143
2023-07-26_17:33:47.934609,22.839723825454712,3927,175,34,15,44104.48429786419,44104.48429786386,7.423691668788195e-15,29924.391707892806,10200.0,742.8232008755975,11051.229298673301,0.0,37.714285714285715,62.28571428571429
2023-07-26_17:34:14.798722,10.89632272720337,3927,175,34,15,46209.89379790342,46206.010212923255,8.404228317757275e-05,29995.7264262718,11599.9999968601,463.0103569930913,9823.082816829685,0.0,32.57142857142858,67.42857142857143
2023-07-26_17:34:47.258571,16.475072622299194,3927,175,34,15,44468.04781833557,44467.680239931244,8.266124157990795e-06,30157.963345399032,11250.0,519.6294137539862,15513.780347820717,0.0,34.85714285714286,64.0
2023-07-26_17:35:26.365911,23.137144327163696,3927,175,34,15,43375.16036137467,43375.16036137467,0.0,29402.342704008803,10300.0,444.5525913009773,10857.001734103545,0.0,38.285714285714285,61.71428571428571
2023-07-26_17:35:59.021136,16.692795753479004,3927,175,34,20,43193.98326815647,43193.98326815647,0.0,29009.905218571737,10050.0,577.2265807006526,14547.927309985034,0.0,47.42857142857143,52.57142857142857
2023-07-26_17:37:09.314120,49.72721982002258,3927,175,34,20,54868.71542803018,54867.58052868264,2.0683905913957133e-05,38092.9078173296,12199.999978306387,596.3806545539866,23737.247541200373,0.0,36.0,64.0
2023-07-26_17:37:53.973589,23.475406408309937,3927,175,34,20,53222.329595912895,53220.37909826015,3.6648107430753365e-05,38160.01864985821,10750.00000093837,692.6777284031778,14891.2134001501,0.0,36.0,64.0
2023-07-26_17:38:34.735015,19.766529321670532,3927,175,34,20,55603.83928262122,55600.794957235405,5.4750273094343576e-05,38793.511217455365,12850.0,617.0815123060137,9250.804627711525,0.0,21.142857142857142,78.85714285714286
2023-07-26_17:39:27.282928,31.557336807250977,3927,175,34,20,54465.97584274619,54465.38351664314,1.0875158186185113e-05,38054.32999177727,11500.0,659.7689371025434,15568.101566936159,0.0,36.0,64.0
2023-07-26_17:40:26.921126,38.56437110900879,3927,200,10,10,53856.787274898794,53856.65969752768,2.3688262440460536e-06,37951.82930203229,11149.999989163847,692.4107936955521,11973.607145068307,0.0,33.5,54.0
2023-07-26_17:40:49.523448,12.171242713928223,3927,200,10,10,38098.5430782874,38098.35759985118,4.868386590034432e-06,23767.33660528493,11250.000002122291,423.86312319218496,11405.759853998668,0.0,45.0,55.00000000000001
2023-07-26_17:41:06.975948,7.629694223403931,3927,200,10,10,38502.174460384835,38501.86260738707,8.099620401606016e-06,25525.24909073497,11750.0,417.8523928914294,7922.848720699687,0.0,40.0,60.0
2023-07-26_17:41:34.920475,18.224626779556274,3927,200,10,10,38991.9172671016,38991.9172671016,0.0,24177.62915742079,11250.0,404.2116333834577,11041.732184849283,0.0,46.5,53.5
2023-07-26_17:41:51.357543,6.644535541534424,3927,200,10,10,39323.96702221827,39323.75715285796,5.336932568185556e-06,25211.47399598961,11049.999999451304,366.01024829564585,11026.038738728264,0.0,34.5,65.5
2023-07-26_17:42:10.139198,8.965561389923096,3927,200,10,15,38574.41279505755,38572.69730025252,4.447235047087944e-05,25421.638895072963,11599.999997864197,376.77571917086743,11320.79714723019,0.0,35.5,64.5
2023-07-26_17:42:38.845312,14.958887577056885,3927,200,10,15,48732.55526237059,48731.53576630005,2.092022601836404e-05,33038.19830313407,10950.0,728.2727997199844,14874.381211658645,0.0,39.5,60.5
2023-07-26_17:43:28.044614,35.02998423576355,3927,200,10,15,49292.57784213384,49292.57784213384,0.0,32405.8107644231,11800.0,632.795250211009,16370.258092501568,0.0,53.5,46.5
2023-07-26_17:44:05.165183,22.86603879928589,3927,200,10,15,50691.131527156314,50691.13106343209,9.148034571207067e-09,33812.454455451516,11599.999999524965,619.7401944924165,14649.283676850613,0.0,34.5,65.5
2023-07-26_17:44:32.955119,13.5231454372406,3927,200,10,15,50114.58083945202,50113.99504514865,1.1689099131576653e-05,33993.01440848179,11999.999999397585,656.2432491780061,7858.169369023696,0.0,35.0,65.0
2023-07-26_17:45:00.375525,13.271300315856934,3927,200,10,20,50779.799367412066,50779.55101715925,4.890729304037832e-06,34104.20578045725,11350.0,676.9380132419022,18988.204963675584,0.0,34.5,65.5
2023-07-26_17:46:17.136580,58.07811760902405,3927,200,10,20,60593.20932377095,60592.91700162098,4.824338456871157e-06,43059.5406371946,13050.00001674104,838.046023757832,14426.21740760356,0.0,44.0,56.00000000000001
2023-07-26_17:47:06.352008,30.314680576324463,3927,200,10,20,64203.95221236636,64203.95221236578,9.066055734534049e-15,44375.16971779769,13249.999960035726,775.5496467634363,13803.830582745279,0.0,34.0,65.5
2023-07-26_17:48:47.045707,81.9202971458435,3927,200,10,20,61620.069387194344,61618.98355617871,1.762138579899707e-05,42510.54947740445,13300.0,741.2653407563829,19036.030541720145,0.0,46.5,53.5
2023-07-26_17:50:00.414179,54.54864954948425,3927,200,10,20,59565.469376431356,59559.92392286814,9.309846159644882e-05,42472.892359430196,11950.00002043741,714.2748978376068,14517.450032642993,0.0,49.0,51.0
2023-07-26_17:50:43.960555,24.6693332195282,3927,200,20,10,63301.15077898849,63300.0962079094,1.6659587797577302e-05,44714.141911103696,13649.999950157417,788.0465235922951,19280.820560976954,0.0,28.000000000000004,72.0
2023-07-26_17:51:01.987674,6.309719085693359,3927,200,20,10,39586.795856789,39586.795856789,0.0,24337.205189361557,11099.999985123886,374.55628028897075,5457.311785211952,0.0,32.0,68.0
2023-07-26_17:51:23.881042,10.996212244033813,3927,200,20,10,41137.06662999273,41133.352488953155,9.028696851393872e-05,23466.28081228619,12000.000001587301,409.3126821144908,6937.223531834466,0.0,40.0,60.0
2023-07-26_17:51:43.018886,8.273328065872192,3927,200,20,10,39298.72661042434,39297.063936775376,4.2308588404041374e-05,24436.859373173087,12049.999999733365,400.47817348731917,10201.43086222201,0.0,42.5,57.49999999999999
2023-07-26_17:52:04.987932,11.132375240325928,3927,200,20,10,40264.26959485916,40264.26959485916,0.0,24508.301554172067,11400.000001687195,351.5993225414952,7670.79110014748,0.0,38.0,62.0
2023-07-26_17:52:24.959839,8.985418796539307,3927,200,20,15,39342.5428467459,39341.18059614563,3.462538264439523e-05,24608.82391246276,11199.999994572081,461.00267917077394,6832.200327254831,0.0,38.5,61.5
2023-07-26_17:52:59.323511,18.92038893699646,3927,200,20,15,52668.75043627748,52668.092039941606,1.2500701657394237e-05,32985.42456633049,14000.0,539.6104421160219,11359.376744703712,0.0,40.0,60.0
2023-07-26_17:53:36.473242,21.37462091445923,3927,200,20,15,50917.72266929801,50917.36481224594,7.02814331256858e-06,33659.42952597323,12849.999900549448,682.8740536238706,8028.646438337143,0.0,35.5,64.5
2023-07-26_17:54:06.593221,14.348509788513184,3927,200,20,15,50667.070857354964,50664.47082912531,5.1315937267653815e-05,33716.284513562816,12249.999999456715,498.2493397253199,16238.412421531673,0.0,35.5,64.0
2023-07-26_17:54:50.019955,27.564053535461426,3927,200,20,15,52364.57104493052,52364.429771802905,2.69787615548108e-06,35173.47714655204,13149.999999925552,539.6594727713635,15278.113007620574,0.0,31.5,68.5
2023-07-26_17:55:47.518913,41.63531541824341,3927,200,20,20,50590.23716734918,50590.23716734918,0.0,32965.41394067556,12099.999998231831,710.6162776206559,11181.399835372478,0.0,45.5,54.50000000000001
2023-07-26_17:56:32.669359,24.720629692077637,3927,200,20,20,61328.518712858575,61328.518712858575,0.0,43701.83365800006,13050.0,615.803395300885,13088.193615192185,0.0,34.0,66.0
2023-07-26_17:57:48.155226,54.7521288394928,3927,200,20,20,60602.026830769544,60602.026830769544,0.0,43656.73132515478,12850.0,694.112187226671,13370.412463793316,0.0,41.0,59.0
2023-07-26_18:00:12.310859,123.3940258026123,3927,200,20,20,62145.06861726337,62140.687204352376,7.050298613362357e-05,42786.72065337401,13850.000000000005,642.9179795055486,10965.463327265068,0.0,43.5,55.00000000000001
2023-07-26_18:01:27.294555,53.95392680168152,3927,200,20,20,61032.92652220525,61032.92652220525,0.0,44341.939121841984,13400.0,521.3662214612791,11968.701034049907,0.0,36.0,64.0
2023-07-26_18:02:24.010622,35.831621408462524,3927,200,34,10,62991.365956519076,62991.365956519076,0.0,44265.00788448171,12700.0,811.2620124923138,16108.843684665255,0.0,31.0,69.0
2023-07-26_18:02:44.960388,7.7251365184783936,3927,200,34,10,39217.846185559014,39216.4727282815,3.5021231686597535e-05,24500.95416024719,11250.0,441.2167777628829,7385.926227794449,0.0,37.0,63.0
2023-07-26_18:03:04.886144,7.621557712554932,3927,200,34,10,39817.34421733561,39813.88141728393,8.696712751059503e-05,24522.213843956106,11350.000001399127,401.2354319941961,7845.196829811823,0.0,39.0,61.0
2023-07-26_18:03:29.059601,11.885055541992188,3927,200,34,10,39772.23696903624,39772.116063499125,3.03994812282556e-06,25075.899965531265,11900.000005968815,416.7063484590195,7794.635752005947,0.0,37.0,63.0
2023-07-26_18:03:52.423735,11.003986835479736,3927,200,34,10,40257.63057113343,40257.63057113343,0.0,25209.469896712162,11200.000000006088,389.8261159767982,6365.831029407018,0.0,34.5,65.5
2023-07-26_18:04:14.801164,10.09606647491455,3927,200,34,15,40659.549552696655,40659.549552696655,0.0,24615.386788065964,12100.000000222999,341.89070807431494,4374.69966721367,0.0,41.0,59.0
2023-07-26_18:04:53.103082,20.613665342330933,3927,200,34,15,51717.29074923839,51717.29074923839,0.0,34861.50777698772,11949.999998983025,419.82902633552567,10177.153332725838,0.0,37.5,62.5
2023-07-26_18:05:36.686735,25.602909088134766,3927,200,34,15,49618.8766680004,49618.72609675552,3.034555697127305e-06,33312.5336296245,11450.0,660.5648340605959,11121.59115118498,0.0,48.5,51.5
2023-07-26_18:06:19.344601,24.436626195907593,3927,200,34,15,50278.92894865279,50278.92894865279,0.0,33478.42012047961,11950.0,502.34038321555914,14893.227110033418,0.0,43.5,56.49999999999999
2023-07-26_18:06:57.603142,20.249082803726196,3927,200,34,15,50856.75286281692,50852.48831759347,8.385406034383422e-05,34042.5779478991,12000.0,648.0775920685832,9312.884787507955,0.0,37.5,62.5
2023-07-26_18:07:45.279245,29.63155484199524,3927,200,34,20,50036.04464328436,50036.04464328436,0.0,33131.462994879555,12449.999999999996,844.5946549786246,11121.548207387781,0.0,46.5,53.0
2023-07-26_18:08:40.164865,31.575685501098633,3927,200,34,20,61163.741671028925,61161.84557087696,3.100039500791168e-05,43828.55414584899,12899.999999834372,824.5326487685966,16437.876460898155,0.0,35.5,64.5
2023-07-26_18:09:42.454209,38.56591606140137,3927,200,34,20,63086.3561620755,63086.3561620753,3.113999088459786e-15,44110.10698832772,13350.00000637657,798.3344419810413,22961.471061917855,0.0,28.999999999999996,71.0
2023-07-26_18:10:34.072933,27.971592664718628,3927,200,34,20,61044.285555381524,61040.129267631266,6.808643450315448e-05,43957.50045831013,12550.00000169056,958.2503848557599,22356.454654770347,0.0,34.5,65.5
2023-07-26_18:11:47.300402,49.262787103652954,3927,200,34,20,61636.28178915041,61635.90809664943,6.0628657364207494e-06,43073.64695525239,13349.999989743088,671.5694617261813,12882.830843773752,0.0,40.0,60.0
2023-07-26_22:49:40.290607,0.4949328899383545,3927,225,10,10,6241.515680389054,6241.5156803890195,0.0,3584.8994221618036,1900.0,78.5685450221684,678.0477132050789,0.0,6.666666666666667,6.666666666666667
2023-07-26_22:49:58.308678,8.10831904411316,3927,225,10,10,44453.243066907264,44453.243066907264,0.0,28064.506731539987,12850.000000952588,426.6341555315105,9852.371427798833,0.0,39.55555555555556,60.44444444444444
2023-07-26_22:50:15.787554,6.477267742156982,3927,225,10,10,43842.936224100165,43841.23963350474,3.8697011230168175e-05,27785.294822943477,12849.999900927713,472.5995863056851,8221.687271176044,0.0,40.88888888888889,59.111111111111114
2023-07-26_22:50:37.839052,11.3655424118042,3927,225,10,10,43505.647761818655,43503.37154250377,5.232008789623562e-05,25723.9445304688,13000.000000607148,277.0832437059118,9699.329056036422,0.0,49.77777777777778,50.22222222222222
2023-07-26_22:50:56.797536,8.130709409713745,3927,225,10,10,46168.53038511455,46168.53038511455,0.0,26950.300123446206,13500.000000312888,632.5095286683721,8899.106300272253,0.0,37.333333333333336,62.66666666666667
2023-07-26_22:51:16.038296,8.471004962921143,3927,225,10,15,45366.98608254472,45366.98608254432,8.820900468282589e-15,26791.67233412964,12749.999900118131,390.1638019460345,12448.249942399698,0.0,35.11111111111111,64.88888888888889
2023-07-26_22:51:51.527237,20.242217540740967,3927,225,10,15,58195.54255380908,58192.4925866295,5.240894827566643e-05,39196.162988525175,14450.0,473.5658206129743,14300.729436493562,0.0,35.11111111111111,64.88888888888889
2023-07-26_22:52:28.325361,21.119710206985474,3927,225,10,15,57939.78367485873,57939.172947486884,1.0540725786475659e-05,39980.42118420405,13500.0,661.3114517483532,19250.83013780387,0.0,35.55555555555556,64.44444444444444
2023-07-26_22:53:14.861789,30.90279984474182,3927,225,10,15,56750.821140611224,56750.80880539548,2.173574848471558e-07,38144.74945946769,14200.0,581.7246811191317,19271.436497503957,0.0,40.0,60.0
2023-07-26_22:54:05.939345,35.25852942466736,3927,225,10,15,56485.125552671394,56485.125552671394,0.0,37325.26799104531,14249.99999677715,731.4281098483006,10785.868899435103,0.0,42.22222222222222,57.77777777777777
2023-07-26_22:54:39.097136,17.24480938911438,3927,225,10,20,60738.01794628574,60738.01794628574,0.0,39802.833675698756,14300.000000000022,717.0849709071947,19034.129848122247,0.0,28.000000000000004,72.0
2023-07-26_22:55:28.683168,29.548495054244995,3927,225,10,20,69274.91947290886,69274.80347324545,1.6744828329117422e-06,48522.51525880203,14100.000002005441,764.3827205263982,18651.689970098374,0.0,36.44444444444444,63.55555555555556
2023-07-26_22:57:05.340095,75.9089207649231,3927,225,10,20,73217.99936674902,73214.920941988,4.204464459065265e-05,49154.94496690484,15950.000000462924,811.4461345662653,21932.057160038414,0.0,37.333333333333336,62.22222222222222
2023-07-26_22:58:40.434783,74.05735874176025,3927,225,10,20,68370.80368914077,68367.75162530069,4.4639870754691195e-05,49496.851898866604,14450.0,879.5235746787184,20098.28539233185,0.0,37.77777777777778,62.22222222222222
2023-07-26_22:59:56.393544,55.24624228477478,3927,225,10,20,70241.80166777379,70241.68138398866,1.7124245431446663e-06,49057.68252452653,15150.0,990.0476741538558,15853.379774303332,0.0,38.666666666666664,61.33333333333333
2023-07-26_23:01:24.517655,67.2792100906372,3927,225,20,10,68849.62406406342,68848.964436586,9.580698317341172e-06,47444.91390836973,14450.0,939.7782985230258,15442.25625157747,0.0,48.888888888888886,51.11111111111111
2023-07-26_23:01:48.111876,10.691617727279663,3927,225,20,10,44301.27054195916,44301.27054195916,0.0,27874.3666182121,13050.0,350.3229195410984,9816.978935462364,0.0,36.888888888888886,63.11111111111111
2023-07-26_23:02:10.989734,10.8511221408844,3927,225,20,10,43091.97894586812,43091.97894586812,0.0,27169.58023616075,12600.000000158056,387.4399866788554,14506.78674182159,0.0,46.22222222222222,53.77777777777778
2023-07-26_23:02:33.707566,10.738199949264526,3927,225,20,10,45214.376722938774,45214.376722938774,0.0,27850.172096682567,13950.000004445337,392.9744851526327,13700.110084542548,0.0,39.111111111111114,60.88888888888889
2023-07-26_23:02:57.830936,12.097893476486206,3927,225,20,10,44269.021082649466,44269.021077113146,1.2506081383732531e-10,27032.591062543423,12500.000001425817,451.07434358988223,9067.718398261388,0.0,44.0,56.00000000000001
2023-07-26_23:03:21.383738,11.681897640228271,3927,225,20,15,45466.32541869468,45466.32541869468,0.0,27796.791526994002,13200.000009243382,413.74542069256387,10902.024256456652,0.0,36.0,63.55555555555556
2023-07-26_23:04:00.949835,22.611278295516968,3927,225,20,15,58894.611465799615,58894.61146579952,0.0,39689.03740861158,14600.000000008,586.1894606725119,15528.866949844642,0.0,30.666666666666664,69.33333333333334
2023-07-26_23:04:35.955269,17.55604648590088,3927,225,20,15,59492.47785104145,59486.863032518,9.43786294715658e-05,39632.21631164373,14550.0,608.8539439599617,14482.71619131385,0.0,29.777777777777775,70.22222222222221
2023-07-26_23:05:36.844290,43.336376428604126,3927,225,20,15,57388.26300615696,57388.26286900663,2.3898672672704034e-09,37898.20326697313,13650.0,596.0121594022141,16257.080837092217,0.0,41.77777777777778,58.22222222222222
2023-07-26_23:06:10.170962,15.683098793029785,3927,225,20,15,56611.05330277298,56608.8885849817,3.8238429864646925e-05,37382.425915408865,13750.0,723.4057516828185,19139.55575804287,0.0,40.0,60.0
2023-07-26_23:06:49.644133,21.967118978500366,3927,225,20,20,56067.79687616846,56067.79687616846,0.0,38381.91214938762,13350.0,773.9441388079174,12470.71564034937,0.0,39.55555555555556,60.44444444444444
2023-07-26_23:08:09.599243,57.43443751335144,3927,225,20,20,69390.75514512017,69386.73427520174,5.794532585818514e-05,48129.37267047456,15800.00000106144,670.3654313480251,19518.888652771813,0.0,44.44444444444444,52.44444444444445
2023-07-26_23:09:27.251960,54.40579700469971,3927,225,20,20,69146.56635128323,69139.69911546978,9.931419846015982e-05,47641.894368908,15350.0,845.3282915285786,19808.089365349817,0.0,44.44444444444444,55.55555555555556
2023-07-26_23:10:51.101569,60.659735441207886,3927,225,20,20,70500.69303495329,70500.69303495309,2.889713624462258e-15,49942.40769822386,15349.999999999989,781.3116536397075,15756.393185059835,0.0,35.55555555555556,64.44444444444444
2023-07-26_23:11:51.994897,37.78250861167908,3927,225,20,20,71547.17723710678,71545.89126713028,1.7973734620363017e-05,49460.51587974324,14850.0,933.2390792171066,19527.6732663941,0.0,32.88888888888889,67.11111111111111
2023-07-26_23:12:36.033387,20.93651270866394,3927,225,34,10,68294.77700015373,68294.77678747184,3.1141750006038002e-09,48692.9578100636,13999.999991911121,728.2929424695108,24248.480880456198,0.0,32.88888888888889,67.11111111111111
2023-07-26_23:13:00.466510,9.933692455291748,3927,225,34,10,43941.60117849054,43941.60117849054,0.0,27850.06875102956,12949.999999888183,389.5201840485109,11379.348935392074,0.0,40.44444444444444,59.55555555555555
2023-07-26_23:13:23.482811,9.331079959869385,3927,225,34,10,46039.552726595226,46039.552726595226,0.0,29183.518724373618,13449.999997456738,493.13971024453303,10676.91782548221,0.0,31.11111111111111,68.88888888888889
2023-07-26_23:13:51.627416,14.544320344924927,3927,225,34,10,43017.726125817324,43017.726125817324,0.0,26094.99616724286,12549.999993268537,499.2067728247433,9162.298954602446,0.0,48.0,50.66666666666667
2023-07-26_23:14:13.666567,8.348989725112915,3927,225,34,10,46082.85001123047,46082.85001123047,0.0,27802.397066409518,14200.000037862748,531.0386860480805,9383.739812999826,0.0,39.55555555555556,60.44444444444444
2023-07-26_23:14:38.915199,11.698031425476074,3927,225,34,15,43285.19935594495,43284.40393735331,1.837622567237848e-05,27014.311249621056,12599.999996227461,426.3583823256896,9162.744771874382,0.0,47.55555555555556,52.44444444444445
2023-07-26_23:15:16.608642,18.180368185043335,3927,225,34,15,56527.15553103516,56524.08698500359,5.428445855351586e-05,37965.79934582834,13500.0,614.9126350940118,13632.522652907248,0.0,38.22222222222222,61.77777777777778
2023-07-26_23:16:07.726673,31.15506672859192,3927,225,34,15,57885.736076224275,57885.72348493173,2.1751977942614473e-07,37635.80312630501,14450.000000184536,622.722711916993,21078.67004700232,0.0,46.22222222222222,53.77777777777778
2023-07-26_23:16:42.292117,14.562117099761963,3927,225,34,15,55374.7170634243,55370.650359241175,7.343972843180093e-05,38103.66210232053,13100.0,626.4928021852252,15769.893671979746,0.0,38.22222222222222,61.77777777777778
2023-07-26_23:17:39.307054,37.01588678359985,3927,225,34,15,57202.841170564694,57202.84117056469,0.0,37504.690752428825,13549.99999884879,793.9034369261709,9753.052712862049,0.0,42.22222222222222,57.77777777777777
2023-07-26_23:18:32.875991,33.579779386520386,3927,225,34,20,56340.84086295124,56340.269025580004,1.0149606617125988e-05,36721.757471672856,13850.0,586.1586724921427,11936.147320991602,0.0,50.22222222222222,49.77777777777778
2023-07-26_23:19:35.612696,36.829493045806885,3927,225,34,20,69482.42660925414,69482.1733976521,3.6442538694594343e-06,48986.73174604634,14250.0,793.8854681850266,21229.35517707668,0.0,34.66666666666667,65.33333333333333
2023-07-26_23:20:46.077288,43.938899517059326,3927,225,34,20,70307.67604416964,70307.67604416964,0.0,50103.73925581933,13949.99997681561,763.4265744051111,25625.46572588051,0.0,32.88888888888889,67.11111111111111
2023-07-26_23:21:49.222385,36.75177001953125,3927,225,34,20,71172.49470716859,71171.27201327251,1.7179303621600195e-05,48866.22230085968,16550.00000104475,980.2128216597562,19417.04912449299,0.0,37.77777777777778,62.22222222222222
2023-07-26_23:22:43.609010,28.007202625274658,3927,225,34,20,68191.71212277625,68191.71212277625,0.0,49582.99846316991,14400.0,909.4885390024174,16164.760308188224,0.0,33.77777777777778,66.22222222222223
2023-07-26_23:24:00.242045,50.29680395126343,3927,250,10,10,70258.09702286847,70258.09702286847,0.0,48960.256415379605,14500.0,790.4821018128612,18295.110409001405,0.0,34.8,55.2
2023-07-26_23:24:20.812736,7.717162609100342,3927,250,10,10,49027.55372253449,49025.89680333226,3.379567358400187e-05,31862.91173573457,13700.0,483.9517235428704,12363.547627887801,0.0,36.4,63.6
2023-07-26_23:24:44.664054,11.681687831878662,3927,250,10,10,48715.14224665951,48715.142239055,1.561015816746578e-10,31849.651237371032,14099.999999451302,566.1475126338412,8199.927168984923,0.0,39.6,60.4
2023-07-26_23:25:09.597119,13.020619630813599,3927,250,10,10,48652.015067180095,48649.18718564219,5.8124653912009266e-05,29968.002817238586,14550.00000131989,567.3010334058662,9514.548905396254,0.0,47.599999999999994,52.400000000000006
2023-07-26_23:25:32.132183,10.039625644683838,3927,250,10,10,48562.01061884957,48561.71840226202,6.017390627486679e-06,30102.145988045784,13950.000000737322,509.5983383171562,13129.024479312218,0.0,42.0,57.99999999999999
2023-07-26_23:25:57.119202,13.003007650375366,3927,250,10,15,48326.01722975517,48326.01722975517,0.0,29416.736201358286,14450.0,678.4366474961532,7511.539778520348,0.0,48.0,52.0
2023-07-26_23:26:44.247074,30.26983380317688,3927,250,10,15,62428.05048395814,62428.05048395814,0.0,42271.53726201076,14600.0,819.4476586372574,18142.243041718382,0.0,40.400000000000006,59.599999999999994
2023-07-26_23:27:35.894250,34.299017906188965,3927,250,10,15,65552.93060036527,65552.93060036497,4.661732389337313e-15,43686.028098303446,16849.999999999993,594.3082960561011,14394.323465653762,0.0,36.8,62.8
2023-07-26_23:28:16.169471,22.82786750793457,3927,250,10,15,64356.42843684532,64356.13064628212,4.6272077309557185e-06,42604.53420916844,14999.999999217896,658.1945105448553,21195.122958801672,0.0,36.0,64.0
2023-07-26_23:29:01.442986,27.98401641845703,3927,250,10,15,62635.56655016343,62635.56655016343,0.0,42518.076105800734,14750.0,726.8291754972222,17328.976215072977,0.0,35.6,64.4
2023-07-26_23:29:38.221866,19.36633324623108,3927,250,10,20,62888.670534764475,62885.026125735225,5.795016810277764e-05,42641.872810553075,14500.0,720.9473394937119,12589.816097470417,0.0,38.0,62.0
2023-07-26_23:32:22.514268,141.87931108474731,3927,250,10,20,74642.65743485265,74638.9643505191,4.947686028952506e-05,52694.4304111745,15950.000001686132,904.1126023723866,26063.569735153593,0.0,48.4,51.6
2023-07-26_23:33:50.252589,64.27968573570251,3927,250,10,20,77978.15225233336,77970.38707647749,9.958142930517712e-05,54008.93985698253,16749.99998858007,952.5863474408623,24768.047892720006,0.0,40.8,59.199999999999996
2023-07-26_23:34:51.179904,37.754143476486206,3927,250,10,20,77013.34248759333,77012.84893882101,6.4086138371654374e-06,54854.25500399397,16499.99999881579,1053.5626581014733,16689.91902672142,0.0,40.400000000000006,59.599999999999994
2023-07-26_23:36:04.286156,50.19763445854187,3927,250,10,20,74978.04420471024,74977.50260121052,7.223494630497039e-06,54044.3684107008,16500.0,921.888275729258,17453.430959858702,0.0,44.0,56.00000000000001
2023-07-26_23:37:08.007938,40.68673491477966,3927,250,20,10,77338.3384530614,77338.33845306122,2.2579096762776372e-15,54674.05292476843,16750.00000000001,951.6003283142227,16974.46945198794,0.0,34.8,64.4
2023-07-26_23:37:36.152991,13.798125743865967,3927,250,20,10,49267.99365755626,49267.06473148958,1.8854554401666955e-05,30172.527631023706,14200.0,454.5804015356523,8271.386894453755,0.0,43.6,56.39999999999999
2023-07-26_23:38:18.219377,28.87600350379944,3927,250,20,10,48499.51195251455,48499.51195251455,0.0,30446.292079411276,14600.000000758948,461.33019579320637,12698.963413157851,0.0,44.800000000000004,55.2
2023-07-26_23:38:47.377395,15.834747314453125,3927,250,20,10,50747.248130927386,50747.24812732349,7.101662364684005e-11,31369.47364562346,15049.999984999999,494.91212868253365,9988.690016053035,0.0,38.4,61.6
2023-07-26_23:39:10.082613,9.398565530776978,3927,250,20,10,48332.92185766381,48332.067833443376,1.7669617056209565e-05,31433.466544566018,13849.99999645916,545.3057657023643,10311.921087584651,0.0,37.2,62.8
2023-07-26_23:39:35.473230,12.156155109405518,3927,250,20,15,50048.2838096022,50047.94655516925,6.738581371482783e-06,30528.603373431426,14949.999999717369,519.3990824352608,11025.92933580778,0.0,42.4,57.599999999999994
2023-07-26_23:40:29.304452,34.969911336898804,3927,250,20,15,63065.92507290356,63065.925072903156,6.460757150921986e-15,43517.965228190005,15000.000000227274,727.1271910609692,31595.329836847395,0.0,35.6,64.4
2023-07-26_23:41:13.574298,24.807652711868286,3927,250,20,15,66244.15501143223,66242.64422098118,2.2806396289464428e-05,42749.35467934428,17300.00000022727,686.0348156841026,12738.72977632024,0.0,37.6,62.4
2023-07-26_23:42:00.556186,27.558727741241455,3927,250,20,15,65419.86603148075,65417.29042137342,3.9370458296079496e-05,43377.611420301255,15700.0,809.5256624902604,19996.522391649683,0.0,37.2,62.8
2023-07-26_23:42:57.902702,37.98746371269226,3927,250,20,15,64939.09166638112,64935.081518997045,6.175244034330854e-05,42650.45709923229,16000.0,673.6093619746923,10844.736026957047,0.0,35.199999999999996,64.8
2023-07-26_23:44:07.881558,50.536351442337036,3927,250,20,20,64772.33991015654,64771.69889673145,9.896406799261225e-06,42160.44901360287,16499.999944107076,750.4505221420195,15980.65271849145,0.0,39.6,60.4
2023-07-26_23:45:37.021221,63.82885479927063,3927,250,20,20,76719.66657821312,76718.13396864313,1.997674961769038e-05,55034.05777890544,15450.000001512646,1011.2265986650198,16600.427825788778,0.0,39.6,60.4
2023-07-26_23:46:53.133427,50.326133728027344,3927,250,20,20,77735.47505869695,77732.1905467976,4.225241946309162e-05,54427.01240109355,16350.0,959.0445320040735,16581.386431842377,0.0,42.8,57.199999999999996
2023-07-26_23:49:48.869325,150.1262948513031,3927,250,20,20,75692.8329548539,75692.8329548539,0.0,53764.94756890752,16350.0,808.6830220586173,15010.7691287612,0.0,42.8,57.199999999999996
2023-07-26_23:51:02.658307,47.18682026863098,3927,250,20,20,77704.93045323848,77704.5942009388,4.3272968359805335e-06,54579.84553434345,16050.0,891.4789415498643,17647.476662418623,0.0,30.4,69.6
2023-07-26_23:52:36.514813,67.61241841316223,3927,250,34,10,77851.77453068524,77851.69176032778,1.0631788159021277e-06,54972.32053598837,16249.999999675088,803.8337119744185,22653.286260101562,0.0,31.6,67.2
2023-07-26_23:53:08.306887,15.514077186584473,3927,250,34,10,48242.9455714372,48240.332127035865,5.4172571147567164e-05,29665.281489720706,13650.000000549042,478.84432350266115,7350.559769506484,0.0,45.2,54.800000000000004
2023-07-26_23:53:35.896820,12.372921228408813,3927,250,34,10,49045.54189433569,49045.5418943356,0.0,29118.63947538231,14650.0,425.9546392926365,15772.960959335873,0.0,50.0,50.0
2023-07-26_23:54:04.394311,13.218160629272461,3927,250,34,10,50392.56881688351,50392.56881688351,0.0,30514.035729866984,14550.000001209935,503.0745191222996,9789.855200751368,0.0,38.4,61.6
2023-07-26_23:54:33.252196,13.577597618103027,3927,250,34,10,49831.22920515901,49828.20048110284,6.077963767869992e-05,30217.505171091605,14600.00000070545,434.34456248063725,10156.607460490652,0.0,42.0,57.99999999999999
2023-07-26_23:54:56.694183,8.179120302200317,3927,250,34,15,50652.66661149055,50650.16198064845,4.944716654922212e-05,31809.10760371908,13800.0,427.97162581560724,12012.39581960372,0.0,30.8,69.19999999999999
2023-07-26_23:55:38.291261,19.938355445861816,3927,250,34,15,63011.83758034443,63010.98290877143,1.356366685715857e-05,43240.44751861022,14400.0,759.966412400644,18176.893856679722,0.0,37.6,62.4
2023-07-26_23:56:39.848523,39.292945861816406,3927,250,34,15,62229.57651336497,62228.67690944554,1.445621149677078e-05,41532.72521351537,15050.0,786.5762372679541,23955.647077291338,0.0,49.6,50.4
2023-07-26_23:57:31.645513,29.340980052947998,3927,250,34,15,63625.50033844611,63625.50033844611,0.0,42317.236126438176,15850.0,722.5261956921311,11491.241427960242,0.0,36.4,63.6
2023-07-26_23:58:30.910514,36.91968035697937,3927,250,34,15,62518.32246803557,62518.322468035505,0.0,41867.10482921506,15350.0,624.4624657875519,12071.482877913628,0.0,45.6,54.400000000000006
2023-07-26_23:59:19.277179,25.918742418289185,3927,250,34,20,63903.09887782473,63903.09887782473,0.0,42946.211068497156,15550.000017145669,780.4103191682077,13389.546420046136,0.0,39.2,60.8
2023-07-27_00:00:46.974118,58.68645095825195,3927,250,34,20,76359.6546541824,76359.6546541822,2.6679902380356994e-15,54339.555419626464,16550.000014237605,921.2748998188222,13160.405151186742,0.0,35.6,64.4
2023-07-27_00:02:05.452640,47.78876495361328,3927,250,34,20,77204.70569870714,77204.5185450677,2.4241221795061177e-06,54877.53171545091,15849.999998815789,916.1108710376215,21745.155750556507,0.0,36.0,64.0
2023-07-27_00:03:42.717582,67.10400462150574,3927,250,34,20,76443.54668857904,76443.00194830047,7.1260466339174384e-06,53233.42106845903,16399.999984839782,929.7209148548422,21692.33084791795,0.0,43.2,56.8
2023-07-27_00:05:17.681338,63.46397161483765,3927,250,34,20,77721.79442150026,77716.0093757142,7.443273574833897e-05,53694.78027440779,16750.0,729.4920315608805,22462.62477625047,0.0,40.8,59.199999999999996
