start_time,execution_time,part_numbers,n_suppliers,LTL_zones,horizon,obj_value,obj_bound,obj_gap,trans_costs,order_cost,load_car_rent,load_car_invest,share_suppl_FTL,share_suppl_CES,share_suppl_LTL
2023-07-27_18:20:51.913095,1.5435974597930908,3927,25,10,10,6109.991384651776,6109.991384651681,0.0,3544.8068889723017,2000.0,90.8506918694023,474.3338038100725,0.0,52.0,68.0
2023-07-27_18:20:55.497636,0.43255066871643066,3927,25,10,10,4825.408096703381,4825.408096703293,0.0,3085.6845430967705,1350.0000000000068,35.15604119541631,608.4251899694988,0.0,24.0,76.0
2023-07-27_18:20:58.084837,0.4185054302215576,3927,25,10,10,5191.674118397792,5191.6215601448375,1.0123565492716421e-05,3079.0519212342892,1600.0,40.146456061992374,176.89710735154688,0.0,32.0,68.0
2023-07-27_18:21:00.962407,0.7611351013183594,3927,25,10,10,4880.327904687443,4880.199214307537,2.636920764746113e-05,2955.694098720498,1650.0,56.481533867985476,3569.424653287396,0.0,48.0,52.0
2023-07-27_18:21:03.635760,0.47754859924316406,3927,25,10,10,4930.784727139189,4930.784727139189,0.0,2993.009250277369,1599.9999999999927,29.76817458576783,997.7880165496083,0.0,44.0,56.00000000000001
2023-07-27_18:21:06.322400,0.539276123046875,3927,25,10,15,5608.445505338062,5608.445505337964,0.0,3547.497100821157,2099.9999999997367,40.170902411291,841.4022046341564,0.0,20.0,80.0
2023-07-27_18:21:09.532716,0.5309655666351318,3927,25,10,15,6409.282704468174,6409.282704468174,0.0,4383.485006253161,1600.0,66.67784483471107,3611.7865536022714,0.0,24.0,76.0
2023-07-27_18:21:12.684452,0.4932825565338135,3927,25,10,15,6246.096084749131,6246.096084749131,0.0,4611.546426312624,1350.0,75.39042649897836,945.0086126441854,0.0,8.0,92.0
2023-07-27_18:21:16.204297,0.8417544364929199,3927,25,10,15,6289.8166690709,6289.816669070737,2.6027634020580978e-14,4092.899397362516,1400.0,83.22227982094122,1551.0757717241454,0.0,40.0,60.0
2023-07-27_18:21:19.690567,0.7933111190795898,3927,25,10,15,6342.965960714515,6342.965960714515,0.0,4183.885005257296,1700.0,30.825800207172133,564.7024258549689,0.0,44.0,52.0
2023-07-27_18:21:22.854773,0.5461912155151367,3927,25,10,20,6737.113581455325,6737.113581455135,2.821451506974307e-14,4515.018555446136,1500.0,56.28958556673899,1238.9165744509307,0.0,12.0,88.0
2023-07-27_18:21:27.231233,1.1407740116119385,3927,25,10,20,7653.10297904017,7653.10297904017,0.0,5365.673300697447,1750.0,109.98996916607484,1253.9812767268827,0.0,36.0,64.0
2023-07-27_18:21:32.011259,1.4975802898406982,3927,25,10,20,7387.260015667319,7387.260015667319,0.0,5277.657669323469,1600.0,54.69247631725905,1172.6037647727649,0.0,48.0,52.0
2023-07-27_18:21:36.639595,1.167572259902954,3927,25,10,20,7687.106734619236,7687.106734619236,0.0,5894.232446763746,1600.0,67.86282619371232,1577.787526570819,0.0,24.0,76.0
2023-07-27_18:21:41.980640,1.9931957721710205,3927,25,10,20,7705.169141932919,7704.663811456297,6.558330742830498e-05,5433.349828508945,1700.0,139.54062708592886,1893.8515787131737,0.0,48.0,52.0
2023-07-27_18:21:46.754660,1.4244487285614014,3927,25,20,10,7720.213439518525,7720.213439518416,1.4136832494045387e-14,5401.676508034278,1650.0,30.21879727703936,1144.2829996730638,0.0,36.0,60.0
2023-07-27_18:21:49.489592,0.40154314041137695,3927,25,20,10,5371.694786455604,5371.694786455599,0.0,3483.5159544598437,1400.0,61.76324191194833,3453.3160026124374,0.0,8.0,92.0
2023-07-27_18:21:52.098034,0.39284515380859375,3927,25,20,10,4947.6243256961125,4947.624325695964,2.9963397911810816e-14,3132.020772324927,1349.9999955555556,85.73847162904065,1114.984538580943,0.0,36.0,60.0
2023-07-27_18:21:54.981722,0.6096396446228027,3927,25,20,10,4584.740691920985,4584.740691920975,0.0,3020.6741685991233,1400.0,31.37780785431428,882.9545924722407,0.0,48.0,52.0
2023-07-27_18:21:57.780747,0.5390810966491699,3927,25,20,10,5193.428790712735,5193.428790712654,0.0,2939.618480899168,1750.0,54.9362251659162,348.93538071721736,0.0,52.0,48.0
2023-07-27_18:22:00.511388,0.4230666160583496,3927,25,20,15,4950.320036582712,4950.320036582712,0.0,2945.186807083781,1500.0,61.44295694580515,1202.546898937755,0.0,48.0,52.0
2023-07-27_18:22:03.969749,0.6461946964263916,3927,25,20,15,5941.583029241295,5941.583029241233,0.0,4099.366029555531,1350.0,47.10756789054787,1199.7847336399811,0.0,40.0,52.0
2023-07-27_18:22:07.756033,0.7140445709228516,3927,25,20,15,6604.737583431373,6604.737583431373,0.0,4527.96105456724,1450.0,60.887104246917836,4275.065211877002,0.0,16.0,84.0
2023-07-27_18:22:11.360839,0.7871921062469482,3927,25,20,15,6313.6426395888675,6313.6426395888675,0.0,4186.5656467781155,1550.0,44.9245295934246,1113.4548098499997,0.0,40.0,60.0
2023-07-27_18:22:14.862787,0.5655200481414795,3927,25,20,15,5824.848353696928,5824.84835369683,0.0,4229.33200730269,1300.0,50.68243188343858,2704.5206153159693,0.0,40.0,60.0
2023-07-27_18:22:18.618905,0.8563981056213379,3927,25,20,20,5972.640946665825,5972.640946665759,0.0,4133.460256635906,1350.0,25.444455257742927,1035.6641907430405,0.0,48.0,52.0
2023-07-27_18:22:23.711800,1.5716016292572021,3927,25,20,20,7456.846946147431,7456.846946147431,0.0,5293.456474423624,1300.0,163.26079492834128,1105.2149041633013,0.0,40.0,60.0
2023-07-27_18:22:28.464480,1.1918559074401855,3927,25,20,20,7913.030331105279,7913.030331105279,0.0,5534.2138099287895,1750.0,57.147070296111366,1251.8031765123544,0.0,32.0,64.0
2023-07-27_18:22:34.138228,2.0617120265960693,3927,25,20,20,7274.350585404288,7274.350585404288,0.0,5165.722178595261,1400.0,68.06882848613452,982.182834507575,0.0,56.00000000000001,44.0
2023-07-27_18:22:39.462811,1.698030948638916,3927,25,20,20,7367.084249761102,7367.084249761013,0.0,5209.079693902029,1550.0,148.03219763357706,1239.0564767241556,0.0,56.00000000000001,44.0
2023-07-27_18:22:44.081235,1.0301129817962646,3927,25,34,10,7658.767021739735,7658.767021739642,0.0,5572.205495101015,1550.0,159.0955328673586,728.3919120405712,0.0,32.0,68.0
2023-07-27_18:22:47.027520,0.42496299743652344,3927,25,34,10,4974.637765825995,4974.637765825962,0.0,2953.1139377806558,1350.0,41.690195936947404,2903.687603282569,0.0,48.0,52.0
2023-07-27_18:22:50.545647,1.0379774570465088,3927,25,34,10,5182.716697446666,5182.716697446664,0.0,2806.1879392807223,1900.0,50.45890257426084,371.24972221033704,0.0,60.0,40.0
2023-07-27_18:22:53.414508,0.39202380180358887,3927,25,34,10,5062.403889776161,5062.403889776134,0.0,3049.908524117982,1500.0,113.91851828125789,2374.535440877434,0.0,36.0,64.0
2023-07-27_18:22:56.257677,0.3487110137939453,3927,25,34,10,5073.999781383211,5073.999781383211,0.0,3118.707095814482,1450.0,19.508286268791245,846.854325870549,0.0,36.0,64.0
2023-07-27_18:22:59.115150,0.44657444953918457,3927,25,34,15,4635.600587387464,4635.600587387464,0.0,2720.766334716992,1450.0,45.68129611424563,218.61943150465123,0.0,68.0,32.0
2023-07-27_18:23:03.051613,0.7900817394256592,3927,25,34,15,6827.606230584093,6827.606230584093,0.0,4371.970489651057,1500.0,29.55054932635581,916.5788459503277,0.0,28.000000000000004,72.0
2023-07-27_18:23:07.145183,0.744408369064331,3927,25,34,15,6435.150823609205,6435.150823608972,3.618107019336102e-14,4363.37763501457,1400.0,118.61580851597114,1713.8220669628847,0.0,28.000000000000004,72.0
2023-07-27_18:23:11.284145,0.9730198383331299,3927,25,34,15,6738.087857345139,6738.087857345139,0.0,4361.358369554195,1850.0,42.40411778516291,1888.3226463141257,0.0,32.0,68.0
2023-07-27_18:23:15.386499,0.9163455963134766,3927,25,34,15,6207.758095106228,6207.758095106228,0.0,4029.884479643577,1649.9999876586317,97.85822187536634,871.2262244938255,0.0,52.0,48.0
2023-07-27_18:23:19.196228,0.5901553630828857,3927,25,34,20,6559.32988229673,6559.32988229661,1.8302677680237393e-14,4516.81864198057,1450.0,74.1219333086888,3758.927104530194,0.0,16.0,84.0
2023-07-27_18:23:24.065845,0.9912147521972656,3927,25,34,20,7708.280894694235,7708.280894694235,0.0,5669.666476730091,1400.0,102.32450879106067,2043.448270919534,0.0,16.0,84.0
2023-07-27_18:23:30.417934,2.4081432819366455,3927,25,34,20,7218.1571195163,7218.15711951605,3.452426210174845e-14,5184.224777068609,1450.0,38.718524590627766,5082.0122827783225,0.0,60.0,40.0
2023-07-27_18:23:35.410868,0.983924388885498,3927,25,34,20,7945.02705039304,7945.027050392912,1.6026283792439824e-14,5675.2677715542,1600.0,83.13570641380146,1711.2372449941413,0.0,24.0,76.0
2023-07-27_18:23:40.728373,1.2112343311309814,3927,25,34,20,7157.574996419074,7157.180445193424,5.512358946249067e-05,5239.419887966078,1400.0000000000002,71.94420041942439,2021.839402508683,0.0,52.0,44.0
2023-07-27_18:23:46.146337,1.4634814262390137,3927,50,10,10,7543.358699239299,7543.358699239208,0.0,5701.051463767518,1449.9999544,95.93570440949846,2761.822967425637,0.0,16.0,34.0
2023-07-27_18:23:50.694910,1.2286195755004883,3927,50,10,10,9442.94496799657,9442.94496799657,0.0,6141.337107508505,2650.0,92.45848691660079,2400.7393651088973,0.0,38.0,62.0
2023-07-27_18:23:55.303532,1.343109369277954,3927,50,10,10,9445.18485261886,9445.18485261886,0.0,5744.101051434669,2799.9999789615727,186.37461131824762,1744.8722466019424,0.0,57.99999999999999,42.0
2023-07-27_18:23:59.260102,0.7100517749786377,3927,50,10,10,9460.833758393746,9460.833758393714,0.0,6376.567255566978,2800.0,112.26688117100755,764.1438438192289,0.0,34.0,66.0
2023-07-27_18:24:03.551290,0.9969890117645264,3927,50,10,10,10287.51415904489,10287.51415904489,0.0,6376.11114929245,3150.0,80.29744214318671,2312.432516238452,0.0,36.0,64.0
2023-07-27_18:24:08.181711,1.390080451965332,3927,50,10,15,9961.37994498928,9961.37994498928,0.0,5971.41238994824,3150.0,122.08514519197806,1029.1093898467182,0.0,44.0,56.00000000000001
2023-07-27_18:24:14.454578,1.9018559455871582,3927,50,10,15,12535.790266337814,12535.411412297632,3.022179153709271e-05,8227.333185597785,2950.0,180.54326054912465,3133.2383410359807,0.0,44.0,56.00000000000001
2023-07-27_18:24:21.830168,2.925889730453491,3927,50,10,15,12040.71389831716,12040.71389831716,0.0,8259.28204763143,3100.0,153.1704349109949,2151.814457221293,0.0,52.0,48.0
2023-07-27_18:24:28.221807,1.9736912250518799,3927,50,10,15,12472.110456356811,12471.729306715599,3.056015600137842e-05,8254.38036064977,2800.0,203.0956452709564,2034.8087482593764,0.0,30.0,70.0
2023-07-27_18:24:36.605534,3.9872069358825684,3927,50,10,15,11762.215023613879,11762.215023613879,0.0,7972.429018462164,2950.0,182.25528687733689,3804.275478889598,0.0,62.0,38.0
2023-07-27_18:24:42.308746,1.2771897315979004,3927,50,10,20,12486.536004563202,12486.536004563202,0.0,8500.871860527172,3150.0,162.2745328079155,3123.7941764662132,0.0,38.0,57.99999999999999
2023-07-27_18:24:50.198721,2.328904628753662,3927,50,10,20,15459.852291162646,15459.852291162646,0.0,10774.931009628568,3000.0,153.5614294501051,7252.0912622285905,0.0,42.0,57.99999999999999
2023-07-27_18:24:57.937471,2.139162540435791,3927,50,10,20,15223.427214148594,15223.211193893325,1.4189988379802713e-05,11293.367179001458,3000.0,273.7718314811373,10965.42040725408,0.0,24.0,72.0
2023-07-27_18:25:05.983721,2.4754748344421387,3927,50,10,20,14922.88968548625,14922.889685486243,0.0,10986.118285809194,3250.0,241.04495190514348,3457.2747395362157,0.0,44.0,54.0
2023-07-27_18:25:14.583324,2.989511251449585,3927,50,10,20,15502.643066642315,15502.643066642315,0.0,10955.326565997322,3100.0,189.17477647057507,2022.6697973899527,0.0,32.0,68.0
2023-07-27_18:25:25.586152,5.360188007354736,3927,50,20,10,15252.313237754883,15252.31323775483,0.0,10574.172269846375,3700.0,231.18261318257123,3501.0415316559865,0.0,50.0,50.0
2023-07-27_18:25:30.325945,0.9453811645507812,3927,50,20,10,10358.853405153402,10358.853405153402,0.0,6382.267513321773,2899.999989272019,84.19783566505996,1499.6910435980774,0.0,26.0,74.0
2023-07-27_18:25:35.067101,1.1960258483886719,3927,50,20,10,9431.090054955675,9430.879741781044,2.2299985834739578e-05,6041.07169830344,2700.0,113.13521666159494,2145.4199377875398,0.0,44.0,56.00000000000001
2023-07-27_18:25:40.098870,1.4328718185424805,3927,50,20,10,9786.820212634593,9786.475887299559,3.5182554451108665e-05,5640.02615325612,3150.0,96.70272846753413,1118.5171567916573,0.0,56.00000000000001,44.0
2023-07-27_18:25:44.452428,0.7915561199188232,3927,50,20,10,9975.087462494253,9974.678505554055,4.09978300176519e-05,5948.544776212045,3150.0,96.7263036388927,1695.7032447286417,0.0,46.0,54.0
2023-07-27_18:25:48.969720,0.851142406463623,3927,50,20,15,9211.61825925291,9211.61633310689,2.09099635480579e-07,5849.405089890209,2749.9999969230767,89.76942506523591,4038.9544473077385,0.0,48.0,52.0
2023-07-27_18:25:55.150357,1.423253059387207,3927,50,20,15,12453.230212743028,12453.230212743028,0.0,8582.020834010787,3100.0,72.82224795038589,5486.596266123083,0.0,36.0,62.0
2023-07-27_18:26:01.519754,1.50773024559021,3927,50,20,15,13076.86992439611,13076.869924395989,9.180583834519606e-15,8433.667219697516,2900.0,97.41691098003672,1210.4598775210554,0.0,32.0,66.0
2023-07-27_18:26:08.721348,2.342790365219116,3927,50,20,15,12544.231340729555,12544.231340729555,0.0,8319.97633337299,3250.0,144.60424453736888,2335.3062972760054,0.0,52.0,48.0
2023-07-27_18:26:14.835386,1.2585656642913818,3927,50,20,15,12830.179229207744,12830.179229207744,0.0,8689.613090125908,3100.0,221.40573083421597,2458.9020991074926,0.0,34.0,66.0
2023-07-27_18:26:21.768168,2.0259737968444824,3927,50,20,20,13346.414820098618,13346.414820098618,0.0,8598.911741560845,3150.0,113.90879885356603,3158.9852861592703,0.0,32.0,68.0
2023-07-27_18:26:30.927645,3.176121473312378,3927,50,20,20,15586.13665662435,15586.136656624265,0.0,10954.204165997906,3300.0,132.9971566090867,2485.0964837253496,0.0,34.0,66.0
2023-07-27_18:26:41.807193,4.705665826797485,3927,50,20,20,14098.412431045052,14098.412431045052,0.0,10477.092253125853,3000.000000606907,276.0576486441265,4819.550861541957,0.0,57.99999999999999,42.0
2023-07-27_18:26:50.383892,2.333847999572754,3927,50,20,20,15732.562293607542,15732.562293607542,0.0,11376.85386464147,3400.0,146.3408323736939,1631.6861081408163,0.0,22.0,78.0
2023-07-27_18:27:00.093580,3.500110387802124,3927,50,20,20,14524.810699504844,14524.810699504844,0.0,10789.86410246523,2800.0,250.92553719897185,2018.9463263119512,0.0,42.0,57.99999999999999
2023-07-27_18:27:08.761826,2.462777614593506,3927,50,34,10,15148.523601296849,15148.523601296358,3.2420792407475036e-14,11195.999521562637,2850.0,203.8114773178567,1059.5203319786292,0.0,24.0,76.0
2023-07-27_18:27:13.872941,0.951350212097168,3927,50,34,10,9577.153362803849,9577.153362803849,0.0,6379.700827583376,2850.0,107.54131650319593,1632.6012770034363,0.0,36.0,64.0
2023-07-27_18:27:19.266267,1.483154296875,3927,50,34,10,9781.114405305856,9780.908384562601,2.1063115583568786e-05,5767.6929473665805,2950.0,76.75911316379381,1184.8088738903414,0.0,54.0,46.0
2023-07-27_18:27:24.414233,1.2541377544403076,3927,50,34,10,10404.669779628653,10404.669779628524,1.2412527296600581e-14,5940.292156582449,3250.0,103.57159388811097,4039.0092836526683,0.0,48.0,52.0
2023-07-27_18:27:29.284220,0.785083532333374,3927,50,34,10,10485.251943839063,10485.251943839063,0.0,6534.249477275282,3350.0,61.31534942774736,1464.0195661230975,0.0,24.0,76.0
2023-07-27_18:27:34.320771,1.096925973892212,3927,50,34,15,9858.344807628753,9858.344807628648,1.0701734161704182e-14,6370.334191593588,2800.0,102.83889471238564,3498.340283894935,0.0,28.000000000000004,72.0
2023-07-27_18:27:41.258872,1.5867514610290527,3927,50,34,15,13511.202511165344,13511.202312695037,1.4689314777844895e-08,8587.25272255885,3350.0,114.95274089548778,8184.203004383625,0.0,30.0,70.0
2023-07-27_18:27:47.919491,1.2902302742004395,3927,50,34,15,12425.574530067637,12425.101521267392,3.8067358503273176e-05,8687.578829707,2750.0,146.42432264756013,2818.458967604421,0.0,24.0,76.0
2023-07-27_18:27:55.458265,2.0602383613586426,3927,50,34,15,12550.808471599728,12550.808471599728,0.0,8634.00799138071,2800.0,116.28556923680995,2606.6906640613515,0.0,40.0,60.0
2023-07-27_18:28:02.332044,1.3312468528747559,3927,50,34,15,12523.155611717144,12523.155611717144,0.0,8688.795396687936,2849.99997542675,134.017591422513,1869.2811978066993,0.0,26.0,70.0
2023-07-27_18:28:09.345157,1.4362258911132812,3927,50,34,20,13211.780459422194,13211.780459422194,0.0,8698.486040760095,3250.0,201.4467250715828,4399.8297716956195,0.0,28.000000000000004,72.0
2023-07-27_18:28:19.754758,3.5312747955322266,3927,50,34,20,15463.193841847227,15462.524398503534,4.3292695580236135e-05,10778.15259353777,3350.0,194.70270375788567,1511.5230025324327,0.0,42.0,57.99999999999999
2023-07-27_18:28:30.588398,3.7919249534606934,3927,50,34,20,15457.374320527237,15457.374320527237,0.0,10765.659930125421,3550.0,171.47465353270061,1788.3357900860594,0.0,38.0,62.0
2023-07-27_18:28:40.056806,2.518925905227661,3927,50,34,20,14807.680088650357,14807.680088650357,0.0,10538.968243590285,2999.99999042553,218.22623007559878,1946.036795221522,0.0,42.0,57.99999999999999
2023-07-27_18:28:52.113518,5.063618183135986,3927,50,34,20,15095.09475015346,15095.09475015346,0.0,10530.893387498032,3450.0,91.90938328586131,4950.937184687889,0.0,50.0,50.0
2023-07-27_18:29:03.278667,4.219070672988892,3927,75,10,10,15087.436957937074,15086.70790106087,4.832211582631663e-05,10814.07179885227,3250.0,289.37825423983753,2905.313351750579,0.0,28.000000000000004,38.666666666666664
2023-07-27_18:29:09.042772,1.1724224090576172,3927,75,10,10,15168.480495682865,15167.674899482334,5.310988142551799e-05,9190.13789890999,4400.0,174.7575559294664,2503.547182701768,0.0,33.33333333333333,66.66666666666666
2023-07-27_18:29:16.522496,3.071995973587036,3927,75,10,10,15266.125944700005,15265.413826929462,4.66469209754079e-05,8795.800890867404,4750.0,168.73872652160955,3145.972667530368,0.0,49.333333333333336,50.66666666666667
2023-07-27_18:29:22.892684,1.8794457912445068,3927,75,10,10,14734.788920306493,14734.788920306493,0.0,9193.236379807244,4800.00000211191,137.8999891918608,6734.565136099636,0.0,42.66666666666667,56.00000000000001
2023-07-27_18:29:29.222810,1.9166796207427979,3927,75,10,10,14918.657471829807,14918.656342182245,7.572045704506624e-08,8938.78696030108,4000.0,123.865518705839,3626.257032797629,0.0,42.66666666666667,57.333333333333336
2023-07-27_18:29:37.698155,4.094949960708618,3927,75,10,15,14272.832429420443,14272.832429417143,2.311837397621691e-13,8895.717074477716,4300.0,189.66675332694996,2997.1021942133602,0.0,52.0,48.0
2023-07-27_18:29:48.655622,4.853439569473267,3927,75,10,15,19085.464044765467,19085.464044765467,0.0,12390.088212657574,4650.0,210.63211911807477,6287.5388407029495,0.0,50.66666666666667,49.333333333333336
2023-07-27_18:29:58.040970,3.2361114025115967,3927,75,10,15,19018.215422807774,19018.215422807774,0.0,12851.793902483305,4550.0,131.5597825531708,4172.159365235253,0.0,36.0,64.0
2023-07-27_18:30:07.287281,2.984541893005371,3927,75,10,15,18857.635356249226,18857.635356249226,0.0,12813.845712137661,4300.0,174.98253489670162,6708.258873708076,0.0,36.0,64.0
2023-07-27_18:30:15.653175,2.1183552742004395,3927,75,10,15,19947.14783013812,19946.175540898654,4.874327135624219e-05,13263.067889124784,4750.0,208.34310802686016,11341.23388054878,0.0,26.666666666666668,73.33333333333333
2023-07-27_18:30:25.476275,3.634284019470215,3927,75,10,20,18547.031636604144,18546.79165275331,1.2939205342260081e-05,12498.628553448249,4550.0,254.20605755357494,6161.811512741524,0.0,48.0,52.0
2023-07-27_18:30:47.828814,14.515708684921265,3927,75,10,20,21922.385642264846,21921.934941965483,2.0558907534876817e-05,15482.879772554521,4700.0,237.85848748238402,5203.260480472282,0.0,61.33333333333333,38.666666666666664
2023-07-27_18:31:00.152786,4.329501390457153,3927,75,10,20,24008.810400149156,24008.810400149156,0.0,17141.09469839733,5400.0,177.04620306397243,6134.800222611774,0.0,28.000000000000004,72.0
2023-07-27_18:31:15.620137,7.575199127197266,3927,75,10,20,22219.727716170513,22219.727716170513,0.0,16504.015527642547,4650.0,279.11612511925324,5169.035099587716,0.0,38.666666666666664,61.33333333333333
2023-07-27_18:31:31.455116,7.860624313354492,3927,75,10,20,23636.09181048839,23636.09181048839,0.0,16043.892923262083,4899.999975423416,186.53212396830187,4192.42818579275,0.0,42.66666666666667,57.333333333333336
2023-07-27_18:31:45.515933,6.117119789123535,3927,75,20,10,23105.576416031417,23105.576416031417,0.0,16423.735691253558,4949.999997368421,392.4816466104712,10763.328421565344,0.0,34.66666666666667,65.33333333333333
2023-07-27_18:31:51.903822,1.1671836376190186,3927,75,20,10,14994.85977368299,14994.85977368299,0.0,9340.561187900108,4200.0,134.1685798789847,2169.03795088776,0.0,30.666666666666664,69.33333333333334
2023-07-27_18:31:59.030988,2.2669384479522705,3927,75,20,10,15805.475809810276,15804.81538460834,4.178458212091422e-05,9383.091701986847,4600.0,124.07814310216094,2636.017614019572,0.0,41.333333333333336,58.666666666666664
2023-07-27_18:32:07.847322,3.814946413040161,3927,75,20,10,14592.47603032723,14592.47603032723,0.0,8753.435342689007,4799.99997589432,191.47688840320544,4001.1589557284037,0.0,53.333333333333336,46.666666666666664
2023-07-27_18:32:13.857365,1.1365742683410645,3927,75,20,10,16435.508035766135,16435.508035766008,7.747205499892207e-15,9940.05823799642,4700.0,197.63962220980568,3798.473538009864,0.0,17.333333333333336,82.66666666666667
2023-07-27_18:32:20.975708,2.2402896881103516,3927,75,20,15,14436.946941447588,14436.946941447588,0.0,8440.713153154089,4150.0,103.67137642100731,3539.302943788834,0.0,54.666666666666664,45.33333333333333
2023-07-27_18:32:32.537063,4.846033811569214,3927,75,20,15,19882.773337130362,19882.773337130362,0.0,12327.543380280395,5300.0,190.31976445356187,4082.319472938093,0.0,48.0,52.0
2023-07-27_18:32:41.441469,2.04860782623291,3927,75,20,15,19407.33494965126,19407.33494965126,0.0,13392.948147553581,4749.999950714286,174.13198437259538,7895.047792589211,0.0,24.0,74.66666666666667
2023-07-27_18:32:52.852072,4.574453592300415,3927,75,20,15,19111.252008833173,19110.66175804882,3.088498775905222e-05,12337.237814220607,4900.0,217.23003563970332,2522.88566405833,0.0,48.0,52.0
2023-07-27_18:33:04.208490,4.4803667068481445,3927,75,20,15,19085.837875962312,19085.837875962312,0.0,13009.54658486143,4600.0,299.8057808812855,7972.835379398036,0.0,40.0,60.0
2023-07-27_18:33:13.683131,2.6319141387939453,3927,75,20,20,18944.247559800646,18944.247559800646,0.0,12622.507921459252,4850.0,220.16616698284105,4582.609097972271,0.0,36.0,62.66666666666667
2023-07-27_18:33:28.394565,5.8262152671813965,3927,75,20,20,22545.323885645634,22544.85779606836,2.0673447834961843e-05,16038.826425108158,4400.0,306.99500118652105,8521.297658229807,0.0,48.0,52.0
2023-07-27_18:33:43.550025,6.397643804550171,3927,75,20,20,22447.042518755083,22446.66775436474,1.669549073251979e-05,16225.848121353663,4649.999998725649,181.37322234742345,6229.818807028079,0.0,40.0,60.0
2023-07-27_18:33:58.590128,6.200195074081421,3927,75,20,20,22062.574431779365,22062.574431779365,0.0,15856.09525109147,4450.0,325.5008682631597,5443.141730308331,0.0,52.0,48.0
2023-07-27_18:34:14.565629,7.205613613128662,3927,75,20,20,22724.681463224082,22724.681463224082,0.0,16019.535022123628,4850.000002642649,311.62467774008763,4716.083958429937,0.0,49.333333333333336,50.66666666666667
2023-07-27_18:34:29.821407,6.4744250774383545,3927,75,34,10,23783.482153094916,23783.482153094916,0.0,16351.500226432174,5450.0,326.53416932974955,5467.654398748638,0.0,40.0,60.0
2023-07-27_18:34:40.066063,4.3781657218933105,3927,75,34,10,13891.963178053136,13891.963178053058,0.0,8052.766536981525,4050.000000344827,164.81308621329705,1992.6737050365737,0.0,72.0,28.000000000000004
2023-07-27_18:34:48.005089,2.4572296142578125,3927,75,34,10,14438.479996782202,14438.479994850932,1.3375855096166215e-10,9222.953283532941,4000.0,166.97458186159963,4007.4647480492517,0.0,44.0,56.00000000000001
2023-07-27_18:34:54.546652,1.123931884765625,3927,75,34,10,14965.303268740758,14965.303268740685,0.0,9750.522960201146,3950.0,134.7071820241641,1732.515187653357,0.0,30.666666666666664,69.33333333333334
2023-07-27_18:35:02.394752,2.3220434188842773,3927,75,34,10,14595.373256169603,14595.353612263765,1.3458995185246118e-06,8740.017456183989,4650.0,195.07051552167692,1426.4640228365338,0.0,46.666666666666664,53.333333333333336
2023-07-27_18:35:09.498804,1.6584854125976562,3927,75,34,15,15329.24892719771,15329.24892719771,0.0,9636.944349459936,4150.0,115.04184075574781,3903.103823052421,0.0,26.666666666666668,73.33333333333333
2023-07-27_18:35:20.525381,3.4130260944366455,3927,75,34,15,18690.95289367102,18690.95264738635,1.3176678000903552e-08,12738.758475059327,4550.0,196.81843069763843,4741.64346119838,0.0,38.666666666666664,61.33333333333333
2023-07-27_18:35:31.018888,2.726130962371826,3927,75,34,15,18563.301188783338,18563.301188783338,0.0,12993.714431889814,4099.999994628899,159.44750657493827,9779.191511291316,0.0,32.0,68.0
2023-07-27_18:35:42.567033,3.851620674133301,3927,75,34,15,19170.97508532399,19170.975085323793,1.0247306394620588e-14,12857.250037647105,4550.0,176.06628643709183,3638.9809199909355,0.0,34.66666666666667,65.33333333333333
2023-07-27_18:35:53.947079,3.5167980194091797,3927,75,34,15,19448.00846124301,19447.887230293814,6.2335919607506605e-06,12956.993707589874,5049.999996445578,182.87921426261894,6474.729484455924,0.0,37.333333333333336,62.66666666666667
2023-07-27_18:36:05.907237,4.1788835525512695,3927,75,34,20,19283.019006383875,19283.019006383875,0.0,12552.733351906845,4750.0,135.76459403132048,2688.590554224561,0.0,42.66666666666667,57.333333333333336
2023-07-27_18:36:21.903690,6.1688714027404785,3927,75,34,20,23110.259808841867,23110.25980884116,3.053915855613917e-14,16129.350220004164,4750.000000000348,364.04525471162407,7982.197393685072,0.0,40.0,60.0
2023-07-27_18:36:38.800639,6.876718044281006,3927,75,34,20,22671.186528314764,22671.186528314764,0.0,16209.028911579027,4750.0,341.13181863591706,8272.334570598327,0.0,44.0,56.00000000000001
2023-07-27_18:36:53.900259,5.143003225326538,3927,75,34,20,23539.279787655138,23539.279787655138,0.0,16273.872364136278,4450.0,206.26750442154406,4176.535179706126,0.0,34.66666666666667,65.33333333333333
2023-07-27_18:50:34.414690,22.17118263244629,3927,75,34,20,22162.517543205875,22162.517543205875,0.0,15423.977902194307,4450.0,280.77563453813343,13706.624107951166,0.0,60.0,40.0
2023-07-27_18:50:52.352644,8.39833402633667,3927,100,10,10,22448.93733412912,22448.93733412912,0.0,16013.846927294951,4700.0,272.1644049184292,10715.475306447424,0.0,35.0,40.0
2023-07-27_18:51:00.559237,2.6610028743743896,3927,100,10,10,19455.857280478085,19455.857280478085,0.0,12507.726465045977,5800.0,240.7809097276504,3511.6385758625393,0.0,42.0,57.99999999999999
2023-07-27_18:51:09.128006,2.6592283248901367,3927,100,10,10,20113.70009125999,20113.699820554735,1.345874971589029e-08,11965.25255628936,5550.0,219.2680639365123,5352.764227353731,0.0,35.0,65.0
2023-07-27_18:51:17.013449,2.5204997062683105,3927,100,10,10,18904.108127863423,18903.769186185356,1.7929524935741248e-05,12103.938458733352,5200.0,205.1943314617324,4109.775574892347,0.0,40.0,60.0
2023-07-27_18:51:24.408092,2.056450843811035,3927,100,10,10,20146.937767934232,20146.9377679341,6.500602650579905e-15,13018.61169321822,5700.0,178.37009391470514,7884.503625696138,0.0,32.0,68.0
2023-07-27_18:51:33.151505,3.4083011150360107,3927,100,10,15,20608.749850239947,20607.164111836988,7.694491002520493e-05,11936.883109485381,6000.000000000001,135.90664822121204,2518.793427980566,0.0,41.0,59.0
2023-07-27_18:51:50.384818,9.5257887840271,3927,100,10,15,24402.78050253044,24402.78050253044,0.0,16676.85950976766,5500.000000000012,317.71639723552113,4745.383967435145,0.0,48.0,52.0
2023-07-27_18:52:11.857665,13.578893661499023,3927,100,10,15,26126.171457821576,26126.171457821576,0.0,16525.368422506297,6750.0,283.9914513377266,8219.143116957965,0.0,46.0,54.0
2023-07-27_18:52:25.884598,6.069538354873657,3927,100,10,15,25994.813468801363,25994.009941156804,3.0911075608344316e-05,16818.75881238717,6500.0,354.8521276203659,8264.661716801531,0.0,40.0,60.0
2023-07-27_18:52:38.572930,4.741901636123657,3927,100,10,15,25843.16910801693,25841.392677988806,6.873886173550642e-05,17384.92563060081,6200.0,241.06305065027934,6539.067760246774,0.0,32.0,68.0
2023-07-27_18:52:50.899144,4.319043159484863,3927,100,10,20,25873.12423171314,25872.98126003734,5.525875983082932e-06,16922.59564447284,5850.0,399.569431136821,8062.153954697611,0.0,37.0,63.0
2023-07-27_18:53:18.559467,17.451083183288574,3927,100,10,20,30223.4552310442,30223.302371351117,5.057651149259476e-06,21160.266555434588,6350.000000000038,420.37929712098645,3907.2952142150048,0.0,48.0,51.0
2023-07-27_18:53:47.122306,18.01289129257202,3927,100,10,20,32008.317944100927,32007.844253178882,1.4798994526106467e-05,21345.537389572077,6750.0,340.7087568684539,5292.311109116908,0.0,42.0,57.99999999999999
2023-07-27_18:54:03.561235,6.139865875244141,3927,100,10,20,32976.955819929164,32975.29280583095,5.0429582017727105e-05,22060.85680811321,6550.000002495416,277.99713194675,4647.6886273186155,0.0,28.999999999999996,71.0
2023-07-27_18:54:28.450702,14.46693468093872,3927,100,10,20,30548.582130789426,30548.582130789426,0.0,21517.876340557574,6150.0,340.6656604941803,6204.4983641463705,0.0,41.0,59.0
2023-07-27_18:54:45.616732,6.439182281494141,3927,100,20,10,31040.97089164532,31040.97089164532,0.0,22308.61426948215,6050.000000399238,445.9075974608442,4773.766237384991,0.0,30.0,70.0
2023-07-27_18:54:55.484029,3.174098491668701,3927,100,20,10,20836.93973851751,20836.93973851751,0.0,12216.727568049486,5800.0,184.20678337498927,4364.760708054506,0.0,37.0,63.0
2023-07-27_18:55:04.228050,2.456237554550171,3927,100,20,10,19215.932483155026,19215.932483155026,0.0,12472.796891553364,5650.0,162.3203367202761,2214.748999743081,0.0,37.0,63.0
2023-07-27_18:55:13.988000,3.532831907272339,3927,100,20,10,19601.966829194807,19601.966829194807,0.0,12269.746073266579,6000.0,127.10988336864821,3653.1754168178236,0.0,39.0,61.0
2023-07-27_18:55:24.592908,3.860577344894409,3927,100,20,10,19144.348758972836,19144.088217166125,1.3609332445347373e-05,11502.727220409106,5550.0,274.71581839497367,4602.684369433272,0.0,52.0,48.0
2023-07-27_18:55:33.333401,2.296738624572754,3927,100,20,15,20536.21940366242,20534.266552001238,9.509304623198456e-05,12125.20883286271,5700.0,198.20291979331984,2930.202895276565,0.0,39.0,61.0
2023-07-27_18:55:58.158727,15.936921119689941,3927,100,20,15,24903.257755446397,24902.68185205649,2.3125624589519356e-05,16646.438001508774,5999.99999999992,293.17611427444893,16646.426427645067,0.0,47.0,53.0
2023-07-27_18:56:11.443587,4.506983518600464,3927,100,20,15,26251.207263156557,26250.870639060216,1.282318534785938e-05,17261.737698365443,6099.999998876369,328.44218106513614,4762.606866301694,0.0,33.0,67.0
2023-07-27_18:56:24.196042,3.9473540782928467,3927,100,20,15,26134.128865264633,26134.128865264633,0.0,17514.881357727783,5950.0,297.753856233427,8816.895319079518,0.0,26.0,74.0
2023-07-27_18:56:41.330982,8.491426229476929,3927,100,20,15,24231.035989317737,24231.035989317737,0.0,16816.831591052036,5550.000000000001,268.3641373930608,8670.92231561278,0.0,40.0,59.0
2023-07-27_18:56:57.264765,7.2221479415893555,3927,100,20,20,24390.896035757964,24390.741559435784,6.333359871348686e-06,16496.785560126933,5650.0,228.09302207117764,6864.501075520462,0.0,50.0,50.0
2023-07-27_18:57:16.691194,8.233533382415771,3927,100,20,20,30669.164100404945,30669.164100404945,0.0,21884.015399932454,6499.999999872524,315.03025750687254,11663.567691622648,0.0,35.0,64.0
2023-07-27_18:57:46.165435,17.876401901245117,3927,100,20,20,31192.064992708423,31192.064992708423,0.0,22049.589540219004,6599.9999396627545,364.5112467636298,9373.348797420314,0.0,35.0,65.0
2023-07-27_18:58:18.142452,20.690128087997437,3927,100,20,20,30537.57660501319,30537.31236047671,8.653094510341222e-06,21565.964950019206,6350.0,483.53331574180265,10730.464500237733,0.0,42.0,57.99999999999999
2023-07-27_18:58:40.827473,11.41772723197937,3927,100,20,20,31692.760812806475,31692.760812806475,0.0,21758.61855163731,6649.999952631581,448.1444686759876,6464.363642128796,0.0,37.0,63.0
2023-07-27_18:59:05.777845,13.656623601913452,3927,100,34,10,31970.87016810277,31970.87016810277,0.0,21156.689059751334,7100.0,347.5863069191647,6887.708448255599,0.0,41.0,59.0
2023-07-27_18:59:16.886066,3.8280584812164307,3927,100,34,10,20148.154904419516,20147.82652452402,1.6298261406676276e-05,11951.082470462712,6350.0,197.8006747928815,4099.360577362586,0.0,45.0,55.00000000000001
2023-07-27_18:59:28.031763,4.178653240203857,3927,100,34,10,20009.376828338656,20009.37682308949,2.6233534938190874e-10,11351.525390713536,6800.0,195.33626150471068,5046.325597589868,0.0,56.99999999999999,43.0
2023-07-27_18:59:37.242376,2.419454574584961,3927,100,34,10,19446.131660002782,19446.131660002782,0.0,12193.39007591382,5500.0,128.6245608802724,2631.5380334387473,0.0,39.0,61.0
2023-07-27_18:59:48.798021,4.647355794906616,3927,100,34,10,19828.92831859531,19828.928314360324,2.1357612540659482e-10,12441.793932175744,5850.0,260.02661593111156,4396.941511191864,0.0,42.0,57.99999999999999
2023-07-27_18:59:58.246557,2.480464220046997,3927,100,34,15,19884.416166027855,19884.416166027855,0.0,12473.515776242968,5800.0,199.80926944059775,5739.369534907846,0.0,34.0,66.0
2023-07-27_19:00:23.307336,15.230781078338623,3927,100,34,15,24781.111228243208,24781.111228243208,0.0,16238.435713937888,6200.0,213.8380279228174,4676.620355178789,0.0,51.0,49.0
2023-07-27_19:00:39.905006,6.761095285415649,3927,100,34,15,24890.628899552037,24889.747442495853,3.5413209515180576e-05,17186.02162813662,5750.0,282.2402749345153,7786.014171201419,0.0,39.0,61.0
2023-07-27_19:00:53.608601,3.5998637676239014,3927,100,34,15,26792.079340644643,26791.66553685814,1.544500451943717e-05,17992.72287415289,5699.999996666772,364.7224102601829,4604.12288770991,0.0,22.0,78.0
2023-07-27_19:01:09.378764,5.817652463912964,3927,100,34,15,25755.08439712895,25755.08439712895,0.0,16968.03766015268,6050.0,411.02836397376876,5458.030556947434,0.0,36.0,64.0
2023-07-27_19:01:24.985273,5.704000473022461,3927,100,34,20,25292.640642431823,25292.640642431823,0.0,16974.486025441824,6600.0,276.86740641336667,4522.031833310923,0.0,40.0,60.0
2023-07-27_19:01:51.686602,13.71317720413208,3927,100,34,20,29929.449351857264,29929.449351857264,0.0,21606.303188584665,6549.9999959531,452.0501166358015,12763.562701912946,0.0,41.0,59.0
2023-07-27_19:02:11.598532,7.072213649749756,3927,100,34,20,30689.706785478687,30689.706785478687,0.0,21883.820321809642,6450.000000035206,270.21504569489133,5494.747163555057,0.0,33.0,67.0
2023-07-27_19:02:39.038019,14.587713241577148,3927,100,34,20,30741.710649122095,30741.260456890675,1.4644345480891678e-05,21398.181586911098,6500.0,432.53566641049923,9201.201831833912,0.0,42.0,57.99999999999999
2023-07-27_19:03:00.810886,8.817659378051758,3927,100,34,20,31353.6527780743,31353.6527780743,0.0,21799.149168210068,6400.000001036163,242.4313807320294,8235.471584517602,0.0,32.0,68.0
